process_execution_frequency,network_connection_frequency,unique_processes,unique_destinations,unique_destination_ports,process_burst,network_burst,process_diversity,destination_diversity,process_network_ratio,new_processes_ratio,new_destination_ratio,established_ratio,syn_sent_ratio,closed_ratio,ioc_matches,attack_type,label,if_score,lof_score,robust_score,if_anomaly,lof_anomaly,robust_anomaly,votes,ensemble_anomaly
1.0,0.0,1.0,0.0,0.0,0.1667,0.0,1.0,0.0,1.0,1.0,0.0,0.0,0.0,0.0,0.0,normal,0,-0.4125446668335731,-1.0,0.6744907594765952,0,0,0,0,0
2.0,0.0,2.0,0.0,0.0,0.3333,0.0,1.0,0.0,2.0,0.5,0.0,0.0,0.0,0.0,0.0,normal,0,-0.4501907853054212,-1.0360887633845515,0.6623982989637318,0,0,0,0,0
1.0,0.0,1.0,0.0,0.0,0.1667,0.0,1.0,0.0,1.0,0.0,0.0,0.0,0.0,0.0,0.0,normal,0,-0.3319353827068685,-1.0,0.0,0,0,0,0,0
3.0714714518561843,0.0,2.109174955254114,5.0,2.0,0.5418793680902682,2.5,0.6804906167408051,0.7,2.91692164718352,0.35417520199236874,0.8,0.0,0.0,0.0,0.0,network_burst,1,-0.6621212524117781,-2.2988383576620266,3.3724537973829762,0,0,0,0,0
3.7598205213280464,0.0,3.129244277769481,0.0,0.0,2.5,0.0,0.9795156387649882,0.0,0.9977168090703067,0.8,0.0,0.0,0.0,0.0,0.0,process_burst,1,-0.5748821764812287,-1.6420821389909022,1.5737892890867395,0,0,0,0,0
3.0497869572393363,0.0,5.0,0.0,0.0,2.0,0.0,1.007501532507441,0.0,6.0,0.0,0.0,0.0,0.0,0.0,0.0,collection,1,-0.6150726982179969,-1.4626609122316436,2.6495931958549273,0,0,0,0,0
2.0,3.0,2.0,3.0,2.0,0.3333,0.5,1.0,1.0,0.6667,1.0,0.6667,0.0,0.0,0.0,0.0,normal,0,-0.6497604191772212,-1.4842468841681458,2.023472278429786,0,0,0,0,0
1.0,0.0,1.0,0.0,0.0,0.1667,0.0,1.0,0.0,1.0,0.0,0.0,0.0,0.0,0.0,0.0,normal,0,-0.3319353827068685,-1.0,0.0,0,0,0,0,0
1.0,0.0,1.0,0.0,0.0,0.1667,0.0,1.0,0.0,1.0,0.0,0.0,0.0,0.0,0.0,0.0,normal,0,-0.3319353827068685,-1.0,0.0,0,0,0,0,0
4.0,1.0,2.0,1.0,1.0,0.6667,0.1667,0.5,1.0,4.0,0.25,1.0,0.0,0.0,0.0,0.0,normal,0,-0.5811741338196551,-1.1555775674620994,0.9177243595724803,0,0,0,0,0
1.0,0.0,1.0,0.0,0.0,0.1667,0.0,1.0,0.0,1.0,0.0,0.0,0.0,0.0,0.0,0.0,normal,0,-0.3319353827068685,-1.0,0.0,0,0,0,0,0
1.0,0.0,1.0,0.0,0.0,0.1667,0.0,1.0,0.0,1.0,0.0,0.0,0.0,0.0,0.0,0.0,normal,0,-0.3319353827068685,-1.0,0.0,0,0,0,0,0
0.0,2.7450103844109255,0.0,7.0,3.0,0.0,0.16043922385922207,0.0,1.0466248949119092,0.0,0.0,0.9439159184404183,0.0,0.0,0.0,0.0,discovery,1,-0.6421199178531803,-2.3669685515449195,4.721435316336167,0,0,0,0,0
2.0,0.0,2.0,0.0,0.0,0.3333,0.0,1.0,0.0,2.0,0.5,0.0,0.0,0.0,0.0,0.0,normal,0,-0.4501907853054212,-1.0360887633845515,0.6623982989637318,0,0,0,0,0
2.4753687939091438,0.0,0.9929205174386073,0.0,0.0,2.0,2.0,0.9330157204175625,0.0,0.965383891038445,0.0,0.0,0.0,0.0,0.0,2.0,ioc_activity,1,-0.5652481833541139,-18154912262.958717,1.3489815189531904,0,1,0,1,0
2.3494783557965975,0.0,1.0312095210122358,0.0,0.0,2.0,2.0,1.0389065582572763,0.0,0.9319476935245419,0.0,0.0,0.0,0.0,0.0,2.0,ioc_activity,1,-0.5600211883984556,-26024787203.764866,1.3489815189531904,0,1,0,1,0
1.0,0.0,1.0,0.0,0.0,0.1667,0.0,1.0,0.0,1.0,0.0,0.0,0.0,0.0,0.0,0.0,normal,0,-0.3319353827068685,-1.0,0.0,0,0,0,0,0
1.0,0.0,1.0,0.0,0.0,0.1667,0.0,1.0,0.0,1.0,0.0,0.0,0.0,0.0,0.0,0.0,normal,0,-0.3319353827068685,-1.0,0.0,0,0,0,0,0
2.864547321130862,0.0,6.0,6.0,2.0,2.5,2.5,0.9389675372962785,0.0,0.9967023282007362,0.8,0.8,0.0,0.0,0.0,0.0,lateral_movement,1,-0.7324143816072669,-3.2196401382365942,4.046944556859572,1,0,0,1,0
9.0,2.0,2.0,1.0,1.0,1.5,0.3333,0.2222,0.5,4.5,0.1111,0.5,0.0,0.0,0.0,0.0,normal,0,-0.645205927390614,-1.437282842728235,2.3166842755045502,0,0,0,0,0
3.0,0.0,2.0,0.0,0.0,0.5,0.0,0.6667,0.0,3.0,0.6667,0.0,0.0,0.0,0.0,0.0,normal,0,-0.5032330143577333,-1.0555580728598268,0.6623982989637318,0,0,0,0,0
2.6087387929853283,0.0,1.0425772582864203,0.0,0.0,2.0,2.0,1.0698783103416878,0.0,0.9509544848195074,0.0,0.0,0.0,0.0,0.0,2.0,ioc_activity,1,-0.5630864823148464,-18358896731.165554,1.3489815189531904,0,1,0,1,0
1.0,0.0,1.0,0.0,0.0,0.1667,0.0,1.0,0.0,1.0,0.0,0.0,0.0,0.0,0.0,0.0,normal,0,-0.3319353827068685,-1.0,0.0,0,0,0,0,0
1.0,0.0,1.0,0.0,0.0,0.1667,0.0,1.0,0.0,1.0,0.0,0.0,0.0,0.0,0.0,0.0,normal,0,-0.3319353827068685,-1.0,0.0,0,0,0,0,0
1.0,0.0,1.0,0.0,0.0,0.1667,0.0,1.0,0.0,1.0,0.0,0.0,0.0,0.0,0.0,0.0,normal,0,-0.3319353827068685,-1.0,0.0,0,0,0,0,0
0.9378726983345708,0.0,1.092874638978296,7.0,3.0,0.17362951543934427,0.0,1.0951795080735793,0.9,1.0886764702555707,0.0,0.9,0.0,0.0,0.0,0.0,discovery,1,-0.6107220852026723,-2.7598177676731095,4.721435316336167,0,0,0,0,0
0.9809988122991635,0.0,1.0948834246217694,7.0,3.0,0.17908277895195207,0.0,0.9858052242714825,0.9,0.9071797772014718,0.0,0.9,0.0,0.0,0.0,0.0,discovery,1,-0.6133778092767557,-2.750075840988101,4.721435316336167,0,0,0,0,0
1.0,0.0,1.0,0.0,0.0,0.1667,0.0,1.0,0.0,1.0,0.0,0.0,0.0,0.0,0.0,0.0,normal,0,-0.3319353827068685,-1.0,0.0,0,0,0,0,0
1.0,0.0,1.0,0.0,0.0,0.1667,0.0,1.0,0.0,1.0,0.0,0.0,0.0,0.0,0.0,0.0,normal,0,-0.3319353827068685,-1.0,0.0,0,0,0,0,0
0.0,2.391652919593413,0.0,0.9555395860926419,0.973348619785992,2.0,2.0,0.0,1.0608583731753376,0.0,0.0,0.9162884962481636,0.0,0.0,0.0,2.0,ioc_activity,1,-0.6344982525394293,-1.6592024851978462,1.3489815189531904,0,0,0,0,0
1.0,0.0,1.0,0.0,0.0,0.1667,0.0,1.0,0.0,1.0,0.0,0.0,0.0,0.0,0.0,0.0,normal,0,-0.3319353827068685,-1.0,0.0,0,0,0,0,0
1.0,0.0,1.0,0.0,0.0,0.1667,0.0,1.0,0.0,1.0,1.0,0.0,0.0,0.0,0.0,0.0,normal,0,-0.4125446668335731,-1.0,0.6744907594765952,0,0,0,0,0
1.0,0.0,1.0,0.0,0.0,0.1667,0.0,1.0,0.0,1.0,0.0,0.0,0.0,0.0,0.0,0.0,normal,0,-0.3319353827068685,-1.0,0.0,0,0,0,0,0
5.860742176172614,0.0,6.0,6.0,2.0,2.5,2.5,0.4557601050378975,0.0,2.0271245541417375,0.8,0.8,0.0,0.0,0.0,0.0,lateral_movement,1,-0.7424627020006725,-2.360856323584665,4.046944556859572,1,0,0,1,0
1.0,5.0,1.0,2.0,2.0,0.1667,0.8333,1.0,0.4,0.2,1.0,0.4,0.0,0.0,0.0,0.0,normal,0,-0.6643446854580091,-1.6563156888739174,2.5809817212700312,0,0,0,0,0
1.0,0.0,1.0,0.0,0.0,0.1667,0.0,1.0,0.0,1.0,0.0,0.0,0.0,0.0,0.0,0.0,normal,0,-0.3319353827068685,-1.0,0.0,0,0,0,0,0
2.77166906155722,0.0,5.0,0.0,0.0,2.0,0.0,0.9430262436156549,0.0,6.0,0.0,0.0,0.0,0.0,0.0,0.0,collection,1,-0.6111048766427268,-1.48793630912278,2.6495931958549273,0,0,0,0,0
8.173879221158744,2.41206210730071,3.038283538810636,0.951477515138923,1.0240225257894682,2.0,2.0,0.940737869816036,0.9223042687942911,2.7719274803740044,1.0998080035011106,0.0,0.0,0.0,0.0,2.0,ioc_activity,1,-0.7042971745927975,-1.644773942288226,2.0774516482534113,0,0,0,0,0
1.0,0.0,1.0,0.0,0.0,0.1667,0.0,1.0,0.0,1.0,0.0,0.0,0.0,0.0,0.0,0.0,normal,0,-0.3319353827068685,-1.0,0.0,0,0,0,0,0
2.7558655985151184,0.0,6.0,6.0,2.0,2.5,2.5,0.937332420739086,0.0,0.9065872029396721,0.8,0.8,0.0,0.0,0.0,0.0,lateral_movement,1,-0.7320969944605153,-3.12145689200355,4.046944556859572,1,0,0,1,0
0.0,2.8636825980875016,0.0,7.0,3.0,0.0,0.1578981487357692,0.0,1.0860006694709436,0.0,0.0,1.0734344553213413,0.0,0.0,0.0,0.0,discovery,1,-0.641868927570391,-2.374202549687378,4.721435316336167,0,0,0,0,0
0.9305754244252672,0.0,0.9682774134763455,5.0,2.0,0.1765171973967328,2.5,1.050167716948972,0.7,0.9423909222161085,0.0,0.8,0.0,0.0,0.0,0.0,network_burst,1,-0.6441338940039111,-2.1527494217327736,3.3724537973829762,0,0,0,0,0
3.245878545910527,0.0,5.0,0.0,0.0,2.0,0.0,0.9185570908253479,0.0,6.0,0.0,0.0,0.0,0.0,0.0,0.0,collection,1,-0.6106666453395765,-1.4534693399781942,2.6495931958549273,0,0,0,0,0
13.083701263560679,0.0,6.0,6.0,2.0,2.5,2.5,0.7979716662278533,0.0,4.026686870011761,0.8,0.8,0.0,0.0,0.0,0.0,lateral_movement,1,-0.7522519621549546,-2.4987238583120304,4.046944556859572,1,0,0,1,0
0.9323883140499263,0.0,1.0565810548343448,7.0,3.0,0.17840224398253915,0.0,0.9455322293598428,0.9,1.0734847078965168,0.0,0.9,0.0,0.0,0.0,0.0,discovery,1,-0.614098458261422,-2.7524286452013036,4.721435316336167,0,0,0,0,0
1.0,0.0,1.0,0.0,0.0,0.1667,0.0,1.0,0.0,1.0,1.0,0.0,0.0,0.0,0.0,0.0,normal,0,-0.4125446668335731,-1.0,0.6744907594765952,0,0,0,0,0
0.9437713217589265,0.0,1.0721139838588754,5.0,2.0,0.1612365731507693,2.5,1.067834773246865,0.7,1.0548671802366103,0.9231408334618859,0.8,0.0,0.0,0.0,0.0,network_burst,1,-0.664458760646553,-2.1811070965671218,3.3724537973829762,0,0,0,0,0
1.0,0.0,1.0,0.0,0.0,0.1667,0.0,1.0,0.0,1.0,0.0,0.0,0.0,0.0,0.0,0.0,normal,0,-0.3319353827068685,-1.0,0.0,0,0,0,0,0
4.0,0.0,4.0,0.0,0.0,0.6667,0.0,1.0,0.0,4.0,1.0,0.0,0.0,0.0,0.0,0.0,normal,0,-0.542285051766301,-1.2899514728851986,1.9871948968911954,0,0,0,0,0
3.628847867421891,0.0,2.9844796050541023,0.0,0.0,2.5,0.0,1.029589696440242,0.0,0.9632428303648086,0.8,0.0,0.0,0.0,0.0,0.0,process_burst,1,-0.5719966823387849,-1.7244628809582823,1.5737892890867395,0,0,0,0,0
3.1497089865229624,8.760646918121955,6.0,6.0,2.1674658460245184,2.5,2.5,0.9195089413545966,1.0296896341175295,0.5282838155055785,1.0229212438504853,0.9991069608305087,0.0,0.0,0.0,0.0,lateral_movement,1,-0.770089635986206,-3.2194654131769576,4.522213912434679,1,0,0,1,0
0.0,4.8215456822409,0.0,5.0,2.0,0.0,2.5,0.0,0.9192190465943763,0.0,0.0,0.913503696037483,0.0,0.0,0.0,0.0,network_burst,1,-0.6915694214579904,-2.082576606211688,3.3724537973829762,0,0,0,0,0
2.8677817974615185,0.0,5.0,0.0,0.0,2.0,0.0,0.9496588495770586,0.0,6.0,1.0620605110546935,0.0,0.0,0.0,0.0,0.0,collection,1,-0.6119569287812539,-1.4779753983841015,2.6495931958549273,0,0,0,0,0
5.966573341224776,0.0,6.0,6.0,2.0,2.5,2.5,0.5082682461730759,0.0,2.095668928770689,0.8,0.8,0.0,0.0,0.0,0.0,lateral_movement,1,-0.7412836645508143,-2.35961016377758,4.046944556859572,1,0,0,1,0
4.2042641382357955,0.0,2.981596160514241,0.0,0.0,2.5,0.0,0.9465704569887413,0.0,0.9980395084803173,0.8,0.0,0.0,0.0,0.0,0.0,process_burst,1,-0.575906828707278,-1.7094444429115443,1.5737892890867395,0,0,0,0,0
0.9069676700559831,0.0,1.0646254634832373,5.0,2.0,0.17872910446050866,2.5,1.0077883532528373,0.7,0.9185512154848989,0.9788963035877509,0.8,0.0,0.0,0.0,0.0,network_burst,1,-0.6654107582831033,-2.1743227635014293,3.3724537973829762,0,0,0,0,0
1.0,0.0,1.0,0.0,0.0,0.1667,0.0,1.0,0.0,1.0,0.0,0.0,0.0,0.0,0.0,0.0,normal,0,-0.3319353827068685,-1.0,0.0,0,0,0,0,0
2.3194256933754147,0.0,1.006285634434414,0.0,0.0,2.0,2.0,0.9527099325353982,0.0,1.029820319837428,0.0,0.0,0.0,0.0,0.0,2.0,ioc_activity,1,-0.5625336993371355,-17913181654.983166,1.3489815189531904,0,1,0,1,0
1.0,0.0,1.0,0.0,0.0,0.1667,0.0,1.0,0.0,1.0,0.0,0.0,0.0,0.0,0.0,0.0,normal,0,-0.3319353827068685,-1.0,0.0,0,0,0,0,0
2.3882860068284515,0.0,1.0631666710653211,0.0,0.0,2.0,2.0,0.97786680111833,0.0,1.0718356957393795,0.9594659052213065,0.0,0.0,0.0,0.0,2.0,ioc_activity,1,-0.5947193446953829,-2.699162859063241,1.3489815189531904,0,0,0,0,0
3.0,1.0,1.0,1.0,1.0,0.5,0.1667,0.3333,1.0,3.0,0.0,1.0,0.0,0.0,0.0,0.0,normal,0,-0.564142565487489,-1.3644401219762345,0.6744907594765952,0,0,0,0,0
3.0378813261510658,0.0,6.0,6.0,2.0,2.5,2.5,0.9022373506173754,0.0,0.944496450425748,0.8,0.8,0.0,0.0,0.0,0.0,lateral_movement,1,-0.7332894496999748,-3.010750737664252,4.046944556859572,1,0,0,1,0
2.4639069046814708,0.0,1.0371660895247647,0.0,0.0,2.0,2.0,0.9062168360016061,0.0,1.0089965879156995,0.9541482101327774,0.0,0.0,0.0,0.0,2.0,ioc_activity,1,-0.5990055767830199,-2.720006342574197,1.3489815189531904,0,0,0,0,0
4.0,0.0,3.0,0.0,0.0,0.6667,0.0,0.75,0.0,4.0,0.5,0.0,0.0,0.0,0.0,0.0,normal,0,-0.49508686937752255,-1.074479879138754,1.3247965979274636,0,0,0,0,0
1.0,0.0,1.0,0.0,0.0,0.1667,0.0,1.0,0.0,1.0,0.0,0.0,0.0,0.0,0.0,0.0,normal,0,-0.3319353827068685,-1.0,0.0,0,0,0,0,0
6.408835404640513,3.917242178263078,6.0,6.0,2.0,2.5,2.5,0.4570114432044184,1.0149641462480232,1.986909347156934,0.8,0.9894551373816539,0.0,0.0,0.0,0.0,lateral_movement,1,-0.7624735485166808,-2.305124726536136,4.046944556859572,1,0,0,1,0
2.9616818535894636,0.0,5.0,0.0,0.0,2.0,0.0,0.9157486579765834,0.0,6.0,0.0,0.0,0.0,0.0,0.0,0.0,collection,1,-0.610931388598526,-1.465234807549518,2.6495931958549273,0,0,0,0,0
2.2804149337506807,0.0,0.9662553586839134,0.0,0.0,2.0,2.0,1.0516744553197086,0.0,1.05087221374633,0.0,0.0,0.0,0.0,0.0,2.0,ioc_activity,1,-0.5588123584149157,-25823002475.420048,1.3489815189531904,0,1,0,1,0
2.7859793035514944,0.0,6.0,6.0,2.0,2.5,2.5,0.9776107094604496,0.0,0.9188198613272449,0.9308607437445369,0.8,0.0,0.0,0.0,0.0,lateral_movement,1,-0.7338115032130961,-3.224303938834726,4.046944556859572,1,0,0,1,0
3.049036378775229,2.713034073422454,1.0697584226272179,7.0,3.0,0.4944688028010746,0.16479466971787163,0.30475599750972066,1.0605504500424432,3.235831490851952,0.0,0.9357208351394236,0.0,0.0,0.0,0.0,discovery,1,-0.6644592718645473,-2.3423593580569704,4.721435316336167,0,0,0,0,0
9.47173143785432,0.0,6.0,6.0,2.0,2.5,2.5,0.6313211998766489,0.0,3.1453995929123684,0.8,0.8,0.0,0.0,0.0,0.0,lateral_movement,1,-0.7470400355352326,-2.3440567058584905,4.046944556859572,1,0,0,1,0
1.0,0.0,1.0,0.0,0.0,0.1667,0.0,1.0,0.0,1.0,0.0,0.0,0.0,0.0,0.0,0.0,normal,0,-0.3319353827068685,-1.0,0.0,0,0,0,0,0
3.0614501772920466,0.0,6.0,6.0,2.0,2.5,2.5,1.0412197164785522,0.0,0.9009969930588946,0.8,0.8,0.0,0.0,0.0,0.0,lateral_movement,1,-0.7327852263205007,-3.0149519366042026,4.046944556859572,1,0,0,1,0
2.7937747931765853,0.0,5.0,0.0,0.0,2.0,0.0,0.9175518765543101,0.0,6.0,1.0894986090089571,0.0,0.0,0.0,0.0,0.0,collection,1,-0.6115194023609009,-1.482421712939281,2.6495931958549273,0,0,0,0,0
13.0,0.0,4.0,0.0,0.0,2.1667,0.0,0.3077,0.0,13.0,0.2308,0.0,0.0,0.0,0.0,0.0,normal,0,-0.6575817827252283,-2.402508458088115,3.6708974382899213,0,0,0,0,0
0.0,5.475595645828401,0.0,5.0,2.0,0.0,2.5,0.0,1.013284130161929,0.0,0.0,1.0421065543485357,0.0,0.0,0.0,0.0,network_burst,1,-0.6902753999354664,-2.152539367407635,3.3724537973829762,0,0,0,0,0
5.2513237757913025,0.0,1.0239429202429249,0.0,0.0,2.0,2.0,0.4947125550243837,0.0,1.9638009347457557,0.0,0.0,0.0,0.0,0.0,2.0,ioc_activity,1,-0.6031601011354969,-1.8924904697537193,1.3489815189531904,0,0,0,0,0
15.0,1.0,6.0,1.0,1.0,2.5,0.1667,0.4,1.0,15.0,0.3333,1.0,0.0,0.0,0.0,0.0,normal,0,-0.7495555111853046,-2.9337468974696046,4.282713678004908,1,0,0,1,0
3.0,0.0,3.0,0.0,0.0,0.5,0.0,1.0,0.0,3.0,0.6667,0.0,0.0,0.0,0.0,0.0,normal,0,-0.5244577355469899,-1.101648055080271,1.3247965979274636,0,0,0,0,0
1.0,0.0,1.0,0.0,0.0,0.1667,0.0,1.0,0.0,1.0,0.0,0.0,0.0,0.0,0.0,0.0,normal,0,-0.3319353827068685,-1.0,0.0,0,0,0,0,0
0.920221233187117,0.0,0.9963527102724343,7.0,3.0,0.17027442909267235,0.0,0.9739968735694396,0.9,0.9236798166357337,1.0589501116835145,0.9,0.0,0.0,0.0,0.0,discovery,1,-0.6393636412059965,-2.76659176359828,4.721435316336167,0,0,0,0,0
0.9134333337695534,0.0,0.9035337561999824,5.0,2.0,0.16147537069571277,2.5,1.0918418545689152,0.7,1.0081713273889903,0.9569081750223651,0.8,0.0,0.0,0.0,0.0,network_burst,1,-0.6651448151693313,-2.175237530077582,3.3724537973829762,0,0,0,0,0
1.0239337051939723,0.0,1.096164229106607,5.0,2.0,0.17639320404969244,2.5,1.0769698119012723,0.7,0.9223689604761355,0.0,0.8,0.0,0.0,0.0,0.0,network_burst,1,-0.6432968627659877,-2.161255068493915,3.3724537973829762,0,0,0,0,0
5.542828979978602,3.795812034844888,6.0,6.0,2.0,2.5,2.5,1.0746479872707762,1.0387010848712122,1.8159785862470506,0.8,1.0117348592950113,0.0,0.0,0.0,0.0,lateral_movement,1,-0.7577675257746249,-2.3667792803510364,4.046944556859572,1,0,0,1,0
1.0,0.0,1.0,0.0,0.0,0.1667,0.0,1.0,0.0,1.0,1.0,0.0,0.0,0.0,0.0,0.0,normal,0,-0.4125446668335731,-1.0,0.6744907594765952,0,0,0,0,0
2.812015270968759,0.0,6.0,6.0,2.0,2.5,2.5,1.0264892469381572,0.0,1.034665661480391,0.8,0.8,0.0,0.0,0.0,0.0,lateral_movement,1,-0.732256056356103,-3.21690833471686,4.046944556859572,1,0,0,1,0
1.0855941216331648,0.0,1.0057315076216582,7.0,3.0,0.15242549018511103,0.0,0.9963183178412087,0.9,0.9987013160872683,0.0,0.9,0.0,0.0,0.0,0.0,discovery,1,-0.6096327665059514,-2.7534642479169764,4.721435316336167,0,0,0,0,0
1.0918664695271219,0.0,0.9991013113257238,5.0,2.0,0.15985776347881525,2.5,1.075342159452924,0.7,1.096913721650151,0.0,0.8,0.0,0.0,0.0,0.0,network_burst,1,-0.6428074928280788,-2.167942399197715,3.3724537973829762,0,0,0,0,0
3.0,7.0,2.0,5.0,3.0,0.5,1.1667,0.6667,0.7143,0.4286,0.6667,0.7143,0.0,0.0,0.0,0.0,normal,0,-0.6823987116295752,-2.4146578463900754,3.6133744097780434,0,0,0,0,0
1.0,1.0,1.0,1.0,1.0,0.1667,0.1667,1.0,1.0,1.0,0.0,0.0,0.0,0.0,0.0,0.0,normal,0,-0.5596790584873719,-13894062256.362135,0.6744907594765952,0,1,0,1,0
4.064848911760317,0.0,3.05454929488885,0.0,0.0,2.5,0.0,0.9165459999844877,0.0,0.9981413988709043,0.8,0.0,0.0,0.0,0.0,0.0,process_burst,1,-0.5759979325337306,-1.6876022503357346,1.5737892890867395,0,0,0,0,0
1.0,0.0,1.0,0.0,0.0,0.1667,0.0,1.0,0.0,1.0,0.0,0.0,0.0,0.0,0.0,0.0,normal,0,-0.3319353827068685,-1.0,0.0,0,0,0,0,0
7.626341308001354,0.0,2.9867263644142477,0.0,0.0,2.5,0.0,0.8,0.0,2.074297338182378,0.8,0.0,0.0,0.0,0.0,0.0,process_burst,1,-0.6024642558568803,-1.5064680558433634,1.9188925890466237,0,0,0,0,0
2.0,7.0,1.0,4.0,2.0,0.3333,1.1667,0.5,0.5714,0.2857,0.0,0.4286,0.0,0.0,0.0,0.0,normal,0,-0.6623368256052741,-2.1963243417940386,3.6133744097780434,0,0,0,0,0
11.0,0.0,4.0,0.0,0.0,1.8333,0.0,0.3636,0.0,11.0,0.2727,0.0,0.0,0.0,0.0,0.0,normal,0,-0.6046187140009431,-1.9617425098673718,3.059081198574934,0,0,0,0,0
10.968560090128088,0.0,6.0,6.0,2.0,2.5,2.5,0.7822386454344287,0.0,4.152517658484123,0.8,0.8,0.0,0.0,0.0,0.0,lateral_movement,1,-0.7492466916131765,-2.5485883133319667,4.046944556859572,1,0,0,1,0
1.0,0.0,1.0,0.0,0.0,0.1667,0.0,1.0,0.0,1.0,0.0,0.0,0.0,0.0,0.0,0.0,normal,0,-0.3319353827068685,-1.0,0.0,0,0,0,0,0
10.336887141411548,10.121305681458336,1.0770325753267682,3.1034637433300745,1.0285459461582191,2.0,2.0,0.27325710585287,0.764828755515053,0.9831366818292858,0.0,0.6842717941607573,0.0,0.0,0.0,2.0,ioc_activity,1,-0.7221088638269162,-3.0644237551012634,5.224580991846096,1,0,0,1,0
1.0,0.0,1.0,0.0,0.0,0.1667,0.0,1.0,0.0,1.0,0.0,0.0,0.0,0.0,0.0,0.0,normal,0,-0.3319353827068685,-1.0,0.0,0,0,0,0,0
19.271964387808197,0.0,9.675008896022296,0.0,0.0,2.5,0.0,0.8,0.0,4.916262425703192,0.8,0.0,0.0,0.0,0.0,0.0,process_burst,1,-0.6706023573870643,-3.227987645311407,5.7463111362204105,0,0,0,0,0
2.0,0.0,2.0,0.0,0.0,0.3333,0.0,1.0,0.0,2.0,0.5,0.0,0.0,0.0,0.0,0.0,normal,0,-0.4501907853054212,-1.0360887633845515,0.6623982989637318,0,0,0,0,0
2.2577903500212626,0.0,0.9624775624404075,0.0,0.0,2.0,2.0,1.0259170832945192,0.0,1.0596336582794619,0.0,0.0,0.0,0.0,0.0,2.0,ioc_activity,1,-0.5581474101984664,-25766589869.8041,1.3489815189531904,0,1,0,1,0
8.0,0.0,3.0,0.0,0.0,1.3333,0.0,0.375,0.0,8.0,0.0,0.0,0.0,0.0,0.0,0.0,normal,0,-0.6089818274406076,-1.4548200423803037,2.141356839002454,0,0,0,0,0
1.0,0.0,1.0,0.0,0.0,0.1667,0.0,1.0,0.0,1.0,1.0,0.0,0.0,0.0,0.0,0.0,normal,0,-0.4125446668335731,-1.0,0.6744907594765952,0,0,0,0,0
3.210157431081588,0.0,6.0,6.0,2.0,2.5,2.5,0.9339881182722135,0.0,0.9390839176821245,1.0918758544630462,0.8,0.0,0.0,0.0,0.0,lateral_movement,1,-0.7357138188742745,-2.881595560881749,4.046944556859572,1,0,0,1,0
2.0,2.0,2.0,2.0,1.0,0.3333,0.3333,1.0,1.0,1.0,1.0,1.0,0.0,0.0,0.0,0.0,normal,0,-0.621580991032071,-1.3920169323038332,1.3489815189531904,0,0,0,0,0
11.2089396219807,0.0,6.0,6.0,2.0,2.5,2.5,0.7089596310617001,0.0,4.392697982401764,0.8,0.8,0.0,0.0,0.0,0.0,lateral_movement,1,-0.7488678290690447,-2.388449857111217,4.046944556859572,1,0,0,1,0
0.0,1.0,0.0,1.0,1.0,0.0,0.1667,0.0,1.0,0.0,0.0,1.0,0.0,0.0,0.0,0.0,normal,0,-0.472756207647273,-0.9935975672453746,0.6744907594765952,0,0,0,0,0
0.0,1.0,0.0,1.0,1.0,0.0,0.1667,0.0,1.0,0.0,0.0,0.0,0.0,0.0,0.0,0.0,normal,0,-0.5857729258223661,-0.9943565164092875,0.6744907594765952,0,0,0,0,0
1.0,2.0,1.0,1.0,1.0,0.1667,0.3333,1.0,0.5,0.5,0.0,0.5,0.0,0.0,0.0,0.0,normal,0,-0.5314391575829355,-0.992620899338952,1.0323926885080124,0,0,0,0,0
1.0,0.0,1.0,0.0,0.0,0.1667,0.0,1.0,0.0,1.0,1.0,0.0,0.0,0.0,0.0,0.0,normal,0,-0.4125446668335731,-1.0,0.6744907594765952,0,0,0,0,0
0.0,1.0,0.0,1.0,1.0,0.0,0.1667,0.0,1.0,0.0,0.0,1.0,0.0,0.0,0.0,0.0,normal,0,-0.472756207647273,-0.9935975672453746,0.6744907594765952,0,0,0,0,0
1.0,0.0,1.0,0.0,0.0,0.1667,0.0,1.0,0.0,1.0,0.0,0.0,0.0,0.0,0.0,0.0,normal,0,-0.3319353827068685,-1.0,0.0,0,0,0,0,0
1.0,0.0,1.0,0.0,0.0,0.1667,0.0,1.0,0.0,1.0,1.0,0.0,0.0,0.0,0.0,0.0,normal,0,-0.4125446668335731,-1.0,0.6744907594765952,0,0,0,0,0
3.030143815144955,3.1230169179145157,2.7419589788861165,7.0,3.0,0.5247990128952448,0.17720453702793326,0.9896481266341215,1.0641114165279721,2.844451842728562,0.6481404802594115,0.9352711152835603,0.0,0.0,0.0,0.0,discovery,1,-0.6839516695224995,-2.3224137413887527,4.721435316336167,0,0,0,0,0
1.0,0.0,1.0,0.0,0.0,0.1667,0.0,1.0,0.0,1.0,0.0,0.0,0.0,0.0,0.0,0.0,normal,0,-0.3319353827068685,-1.0,0.0,0,0,0,0,0
0.0,2.0,0.0,1.0,1.0,0.0,0.3333,0.0,0.5,0.0,0.0,0.5,0.0,0.0,0.0,0.0,normal,0,-0.5579540354424065,-0.9969154756424707,1.0323926885080124,0,0,0,0,0
4.163870658434545,23.918104269464564,2.9738423147411073,7.0,3.0,0.652233522270202,1.2239035977120838,0.6866154127890658,0.9,0.49460728929202263,0.543068448854462,0.9,0.0,0.0,0.0,0.0,discovery,1,-0.7234720686353937,-6.860012987548548,6.0,1,0,1,2,1
0.0,2.378337946071084,0.0,0.9147424138223303,1.0531478215030123,2.0,2.0,0.0,1.08302768074902,0.0,0.0,0.996842702856013,0.0,0.0,0.0,2.0,ioc_activity,1,-0.6358161747094901,-1.6621416841991004,1.3489815189531904,0,0,0,0,0
1.0,0.0,1.0,0.0,0.0,0.1667,0.0,1.0,0.0,1.0,0.0,0.0,0.0,0.0,0.0,0.0,normal,0,-0.3319353827068685,-1.0,0.0,0,0,0,0,0
16.127215457889626,4.389555664963116,6.0,6.0,2.0,2.5,2.5,0.6444880047981437,1.0377504425519841,5.032740427337878,0.8,0.8,0.0,0.0,0.0,0.0,lateral_movement,1,-0.775000754823459,-2.4860909612221462,4.3806227729327825,1,0,0,1,0
1.0,0.0,1.0,0.0,0.0,0.1667,0.0,1.0,0.0,1.0,0.0,0.0,0.0,0.0,0.0,0.0,normal,0,-0.3319353827068685,-1.0,0.0,0,0,0,0,0
1.0423116083193555,0.0,0.9094748040010964,5.0,2.0,0.15033872112591623,2.5,0.906256702580329,0.7,1.0240298573256592,0.9483277817478172,0.8,0.0,0.0,0.0,0.0,network_burst,1,-0.6659241655291807,-2.171407309475774,3.3724537973829762,0,0,0,0,0
14.534493778196513,0.0,5.0,0.0,0.0,2.0,0.0,0.7,0.0,6.0,0.0,0.0,0.0,0.0,0.0,0.0,collection,1,-0.636311827678087,-2.1673046566771457,3.919393614107754,0,0,0,0,0
16.428720357379472,0.0,8.352611274715041,0.0,0.0,2.5,0.0,0.8,0.0,4.22781075940175,0.8,0.0,0.0,0.0,0.0,0.0,process_burst,1,-0.6679914746267562,-2.7076782405817115,4.8703572013128,0,0,0,0,0
4.189364550785776,0.0,3.252634318377115,0.0,0.0,2.5,0.0,1.0674764724690138,0.0,0.9231713448670537,0.8,0.0,0.0,0.0,0.0,0.0,process_burst,1,-0.5780639038402704,-1.7578815487700896,1.5737892890867395,0,0,0,0,0
1.0,0.0,1.0,0.0,0.0,0.1667,0.0,1.0,0.0,1.0,0.0,0.0,0.0,0.0,0.0,0.0,normal,0,-0.3319353827068685,-1.0,0.0,0,0,0,0,0
7.680047314067506,2.6433933560112544,2.7343817727243156,1.070056737031077,1.072153538990921,2.0,2.0,0.98052260634069,0.9308381764379263,3.017197451137866,0.9172719349003193,0.0,0.0,0.0,0.0,2.0,ioc_activity,1,-0.7030262701426115,-1.6746009948879599,1.9344450715158246,0,0,0,0,0
1.0,0.0,1.0,0.0,0.0,0.1667,0.0,1.0,0.0,1.0,0.0,0.0,0.0,0.0,0.0,0.0,normal,0,-0.3319353827068685,-1.0,0.0,0,0,0,0,0
1.0,0.0,1.0,0.0,0.0,0.1667,0.0,1.0,0.0,1.0,0.0,0.0,0.0,0.0,0.0,0.0,normal,0,-0.3319353827068685,-1.0,0.0,0,0,0,0,0
1.0,0.0,1.0,0.0,0.0,0.1667,0.0,1.0,0.0,1.0,1.0,0.0,0.0,0.0,0.0,0.0,normal,0,-0.4125446668335731,-1.0,0.6744907594765952,0,0,0,0,0
1.0,0.0,1.0,0.0,0.0,0.1667,0.0,1.0,0.0,1.0,0.0,0.0,0.0,0.0,0.0,0.0,normal,0,-0.3319353827068685,-1.0,0.0,0,0,0,0,0
4.0,4.0,1.0,3.0,1.0,0.6667,0.6667,0.25,0.75,1.0,0.0,0.75,0.0,0.0,0.0,0.0,normal,0,-0.6283409979000167,-1.6833173227425182,2.0647853770160247,0,0,0,0,0
2.351338893933859,0.0,1.009795613305892,0.0,0.0,2.0,2.0,1.039726713737336,0.0,0.9056687541142797,0.0,0.0,0.0,0.0,0.0,2.0,ioc_activity,1,-0.5594240107246129,-26049709546.268528,1.3489815189531904,0,1,0,1,0
2.728350203313891,0.0,5.0,0.0,0.0,2.0,0.0,1.0512150564856477,0.0,6.0,1.0190378704250853,0.0,0.0,0.0,0.0,0.0,collection,1,-0.6123116717559095,-1.486016666784404,2.6495931958549273,0,0,0,0,0
0.0,3.0,0.0,2.0,2.0,0.0,0.5,0.0,0.6667,0.0,0.0,0.3333,0.0,0.0,0.0,0.0,normal,0,-0.6597313261717109,-1.1116444024520655,1.5485890327620186,0,0,0,0,0
1.0,1.0,1.0,1.0,1.0,0.1667,0.1667,1.0,1.0,1.0,0.0,0.0,0.0,0.0,0.0,0.0,normal,0,-0.5596790584873719,-13894062256.362135,0.6744907594765952,0,1,0,1,0
1.0,0.0,1.0,0.0,0.0,0.1667,0.0,1.0,0.0,1.0,0.0,0.0,0.0,0.0,0.0,0.0,normal,0,-0.3319353827068685,-1.0,0.0,0,0,0,0,0
1.0,0.0,1.0,0.0,0.0,0.1667,0.0,1.0,0.0,1.0,1.0,0.0,0.0,0.0,0.0,0.0,normal,0,-0.4125446668335731,-1.0,0.6744907594765952,0,0,0,0,0
11.679794552397722,0.0,5.0,0.0,0.0,2.0,0.0,0.7,0.0,6.0,0.0,0.0,0.0,0.0,0.0,0.0,collection,1,-0.6258393133488963,-1.8060176387854514,3.0927140131448696,0,0,0,0,0
4.326864552566086,0.0,2.859521976875712,0.0,0.0,2.5,0.0,0.9544483123690318,0.0,1.0805204793087684,0.9911552579667222,0.0,0.0,0.0,0.0,0.0,process_burst,1,-0.5787796807962392,-1.7158478136110866,1.5737892890867395,0,0,0,0,0
1.0,0.0,1.0,0.0,0.0,0.1667,0.0,1.0,0.0,1.0,0.0,0.0,0.0,0.0,0.0,0.0,normal,0,-0.3319353827068685,-1.0,0.0,0,0,0,0,0
0.0,5.412671835255537,0.0,5.0,2.0,0.0,2.5,0.0,0.9961215261884614,0.0,0.0,1.028963838871858,0.0,0.0,0.0,0.0,network_burst,1,-0.6895983024980257,-2.142050297539231,3.3724537973829762,0,0,0,0,0
1.0,0.0,1.0,0.0,0.0,0.1667,0.0,1.0,0.0,1.0,0.0,0.0,0.0,0.0,0.0,0.0,normal,0,-0.3319353827068685,-1.0,0.0,0,0,0,0,0
1.0,0.0,1.0,0.0,0.0,0.1667,0.0,1.0,0.0,1.0,1.0,0.0,0.0,0.0,0.0,0.0,normal,0,-0.4125446668335731,-1.0,0.6744907594765952,0,0,0,0,0
1.0,0.0,1.0,0.0,0.0,0.1667,0.0,1.0,0.0,1.0,0.0,0.0,0.0,0.0,0.0,0.0,normal,0,-0.3319353827068685,-1.0,0.0,0,0,0,0,0
0.0,3.99118041227542,6.0,6.0,2.0,2.5,2.5,0.0,0.9158633798362896,0.0,0.8,0.9954165732494753,0.0,0.0,0.0,0.0,lateral_movement,1,-0.7595545944785013,-2.975516131790226,4.046944556859572,1,0,0,1,0
0.0,2.0,0.0,2.0,1.0,0.0,0.3333,0.0,1.0,0.0,0.0,0.0,0.0,0.0,0.0,0.0,normal,0,-0.5734578304496348,-0.9969154756424707,1.3489815189531904,0,0,0,0,0
0.0,1.0598489433024134,0.0,1.0199186883045226,1.0862472471380205,2.5,0.1539342328871097,0.8,1.0315726570081056,0.0,0.8,1.0342462826617187,0.0,0.0,0.0,0.0,process_burst,1,-0.6213929124354297,-1.337412062775324,1.5737892890867395,0,0,0,0,0
31.3826552597363,0.0,4.153503727733559,0.0,0.0,2.0,2.0,0.32507175265240906,0.0,14.045988332786871,0.2086636481018694,0.0,0.0,0.0,0.0,2.0,ioc_activity,1,-0.6992230743718476,-5.10323537461968,6.0,0,0,1,1,0
1.0,0.0,1.0,0.0,0.0,0.1667,0.0,1.0,0.0,1.0,0.0,0.0,0.0,0.0,0.0,0.0,normal,0,-0.3319353827068685,-1.0,0.0,0,0,0,0,0
1.0,0.0,1.0,0.0,0.0,0.1667,0.0,1.0,0.0,1.0,0.0,0.0,0.0,0.0,0.0,0.0,normal,0,-0.3319353827068685,-1.0,0.0,0,0,0,0,0
28.0,2.0,25.0,1.0,1.0,4.6667,0.3333,0.8929,0.5,14.0,0.8571,0.5,0.0,0.0,0.0,0.0,normal,0,-0.7379692251069178,-6.378559303606042,6.0,1,0,1,2,1
3.0,0.0,2.0,0.0,0.0,0.5,0.0,0.6667,0.0,3.0,0.3333,0.0,0.0,0.0,0.0,0.0,normal,0,-0.47667578021020374,-1.0474582000755308,0.6623982989637318,0,0,0,0,0
3.7169385953541587,0.0,2.886200804354445,0.0,0.0,2.5,0.0,0.9307226790384118,0.0,0.9042296032672881,0.8,0.0,0.0,0.0,0.0,0.0,process_burst,1,-0.5724095983514601,-1.7392568846253544,1.5737892890867395,0,0,0,0,0
11.608626558955176,0.0,4.16936465673551,7.0,3.0,1.8712148283724066,0.0,0.3303343681792736,0.9,10.900767683811805,0.26800575960123796,0.9,0.0,0.0,0.0,0.0,discovery,1,-0.7155258081847068,-2.498347607257238,4.721435316336167,1,0,0,1,0
0.0,3.9083313851531374,6.0,6.0,2.0,2.5,2.5,0.0,1.0253532128654321,0.0,0.8,1.0540790766362655,0.0,0.0,0.0,0.0,lateral_movement,1,-0.7589060297069433,-2.972829535720493,4.046944556859572,1,0,0,1,0
0.0,4.918656087314802,0.0,5.0,2.0,0.0,2.5,0.0,0.9629499237128762,0.0,0.0,0.8,0.0,0.0,0.0,0.0,network_burst,1,-0.6904639317018684,-2.0966255292623925,3.3724537973829762,0,0,0,0,0
2.8198769583948797,0.0,5.0,0.0,0.0,2.0,0.0,0.9079047237380461,0.0,6.0,0.0,0.0,0.0,0.0,0.0,0.0,collection,1,-0.6099833547959514,-1.4849303973965702,2.6495931958549273,0,0,0,0,0
7.012507812451895,0.0,4.9193009879278105,5.0,2.0,1.1452692769650248,2.5,0.6608427906360931,0.7,7.234485892405462,0.7365172640996885,0.8,0.0,0.0,0.0,0.0,network_burst,1,-0.7171866420114678,-1.885833249244293,3.3724537973829762,1,0,0,1,0
2.81425170279981,0.0,6.0,6.0,2.0,2.5,2.5,1.0802210626301354,0.0,0.9085915254751289,0.8,0.8,0.0,0.0,0.0,0.0,lateral_movement,1,-0.732256056356103,-3.2247122136429236,4.046944556859572,1,0,0,1,0
2.0,0.0,2.0,0.0,0.0,0.3333,0.0,1.0,0.0,2.0,1.0,0.0,0.0,0.0,0.0,0.0,normal,0,-0.48484325770361536,-1.10262467932583,0.6744907594765952,0,0,0,0,0
2.8542902844184663,0.0,6.0,6.0,2.0,2.5,2.5,1.030162453008807,0.0,1.0861188541753808,1.001144939890825,0.8,0.0,0.0,0.0,0.0,lateral_movement,1,-0.7349921504771448,-3.114291955053328,4.046944556859572,1,0,0,1,0
0.0,2.3739508449155915,0.0,1.0123881847202356,0.9657571195620207,2.0,2.0,0.0,0.9528067404551228,0.0,0.0,0.9728723152951223,0.0,0.0,0.0,2.0,ioc_activity,1,-0.6326250373136565,-1.6555733062446665,1.3489815189531904,0,0,0,0,0
4.33987349521445,0.0,3.2061449709586514,0.0,0.0,2.5,0.0,1.0284966551991095,0.0,0.9269104416826295,0.8,0.0,0.0,0.0,0.0,0.0,process_burst,1,-0.5783057716409069,-1.7826452716917345,1.5737892890867395,0,0,0,0,0
2.7880459399245914,0.0,5.0,0.0,0.0,2.0,0.0,0.9959597005510307,0.0,6.0,0.9261842624292999,0.0,0.0,0.0,0.0,0.0,collection,1,-0.6094386167690149,-1.4788700067066967,2.6495931958549273,0,0,0,0,0
2.0,0.0,1.0,0.0,0.0,0.3333,0.0,0.5,0.0,2.0,0.0,0.0,0.0,0.0,0.0,0.0,normal,0,-0.4662252644366985,-5424859792.896738,0.3372453797382976,0,0,0,0,0
3.031351872206406,0.0,5.0,0.0,0.0,2.0,0.0,1.0658300980691502,0.0,6.0,0.0,0.0,0.0,0.0,0.0,0.0,collection,1,-0.6150726982179969,-1.4646515476188133,2.6495931958549273,0,0,0,0,0
0.0,1.0,0.0,1.0,1.0,0.0,0.1667,0.0,1.0,0.0,0.0,1.0,0.0,0.0,0.0,0.0,normal,0,-0.472756207647273,-0.9935975672453746,0.6744907594765952,0,0,0,0,0
2.5691435119562716,0.0,1.0702073974384148,0.0,0.0,2.0,2.0,0.9497841398514838,0.0,1.0513838995294973,0.0,0.0,0.0,0.0,0.0,2.0,ioc_activity,1,-0.5674298259797736,-18201537848.766987,1.3489815189531904,0,1,0,1,0
1.0,0.0,1.0,0.0,0.0,0.1667,0.0,1.0,0.0,1.0,1.0,0.0,0.0,0.0,0.0,0.0,normal,0,-0.4125446668335731,-1.0,0.6744907594765952,0,0,0,0,0
0.0,1.0,0.0,1.0,1.0,0.0,0.1667,0.0,1.0,0.0,0.0,1.0,0.0,0.0,0.0,0.0,normal,0,-0.472756207647273,-0.9935975672453746,0.6744907594765952,0,0,0,0,0
5.0,0.0,1.0,0.0,0.0,0.8333,0.0,0.2,0.0,5.0,0.0,0.0,0.0,0.0,0.0,0.0,normal,0,-0.4975451365311948,-1.1685053481291103,1.2236324794299738,0,0,0,0,0
2.6688086464277436,0.0,0.9097444853505455,0.0,0.0,2.0,2.0,1.0590646925055502,0.0,1.0184353889763562,0.9308889286970772,0.0,0.0,0.0,0.0,2.0,ioc_activity,1,-0.5955714405274964,-2.7710256099272446,1.3489815189531904,0,0,0,0,0
3.118034967164732,0.0,5.0,0.0,0.0,2.0,0.0,0.9389256423209845,0.0,6.0,0.0,0.0,0.0,0.0,0.0,0.0,collection,1,-0.6112404671985003,-1.4586081398547983,2.6495931958549273,0,0,0,0,0
0.0,2.0,0.0,1.0,1.0,0.0,0.3333,0.0,0.5,0.0,0.0,0.5,0.0,0.0,0.0,0.0,normal,0,-0.5579540354424065,-0.9969154756424707,1.0323926885080124,0,0,0,0,0
3.1031125131684405,0.0,2.9225473929250017,7.0,3.0,0.5005762314742741,0.0,0.9919418928907184,0.9,3.1471223056686064,0.6175182302590893,0.9,0.0,0.0,0.0,0.0,discovery,1,-0.6637353650337082,-2.826083787039555,4.721435316336167,0,0,0,0,0
2.0,1.0,1.0,1.0,1.0,0.3333,0.1667,0.5,1.0,2.0,0.5,1.0,0.0,0.0,0.0,0.0,normal,0,-0.5556858847399113,-1.2835789758395382,0.6744907594765952,0,0,0,0,0
4.0,0.0,3.0,0.0,0.0,0.6667,0.0,0.75,0.0,4.0,0.5,0.0,0.0,0.0,0.0,0.0,normal,0,-0.49508686937752255,-1.074479879138754,1.3247965979274636,0,0,0,0,0
1.0,0.0,1.0,0.0,0.0,0.1667,0.0,1.0,0.0,1.0,1.0,0.0,0.0,0.0,0.0,0.0,normal,0,-0.4125446668335731,-1.0,0.6744907594765952,0,0,0,0,0
1.0,0.0,1.0,0.0,0.0,0.1667,0.0,1.0,0.0,1.0,0.0,0.0,0.0,0.0,0.0,0.0,normal,0,-0.3319353827068685,-1.0,0.0,0,0,0,0,0
3.2569431888672993,0.0,6.0,6.0,2.0,2.5,2.5,1.0402541614218717,0.0,1.018042654868925,0.8,0.8,0.0,0.0,0.0,0.0,lateral_movement,1,-0.7332990619928954,-2.8732736576940767,4.046944556859572,1,0,0,1,0
2.0,0.0,1.0,0.0,0.0,0.3333,0.0,0.5,0.0,2.0,0.0,0.0,0.0,0.0,0.0,0.0,normal,0,-0.4662252644366985,-5424859792.896738,0.3372453797382976,0,0,0,0,0
20.0,21.0,7.0,6.0,3.0,3.3333,3.5,0.35,0.2857,0.9524,0.3,0.2857,0.0,0.0,0.0,0.0,normal,0,-0.7835742742174484,-4.521657779384203,6.0,1,0,1,2,1
5.0,0.0,3.0,0.0,0.0,0.8333,0.0,0.6,0.0,5.0,0.4,0.0,0.0,0.0,0.0,0.0,normal,0,-0.5073606910482564,-1.1524578371196872,1.3247965979274636,0,0,0,0,0
3.0681632610281544,0.0,6.0,6.0,2.0,2.5,2.5,1.0097775178013135,0.0,1.0220814638866946,0.8,0.8,0.0,0.0,0.0,0.0,lateral_movement,1,-0.7327852263205007,-3.0070360047023055,4.046944556859572,1,0,0,1,0
1.0672490353685202,0.0,1.0191427549371455,5.0,2.0,0.15848717464877135,2.5,1.0107081680179224,0.7,1.0355241527199588,0.0,0.8,0.0,0.0,0.0,0.0,network_burst,1,-0.6417559794787657,-2.1614376807492883,3.3724537973829762,0,0,0,0,0
12.0,22.0,3.0,7.0,3.0,2.0,3.6667,0.25,0.3182,0.5455,0.25,0.2273,0.0,0.0,0.0,0.0,normal,0,-0.7584142029790876,-6.544497929777851,6.0,1,0,1,2,1
0.9493450106958943,0.0,1.035594370509009,7.0,3.0,0.17654304350114752,0.0,1.0443672664467227,0.9,1.0968370529896,0.0,0.9,0.0,0.0,0.0,0.0,discovery,1,-0.6119183362465045,-2.7565153940394143,4.721435316336167,0,0,0,0,0
1.0,0.0,1.0,0.0,0.0,0.1667,0.0,1.0,0.0,1.0,1.0,0.0,0.0,0.0,0.0,0.0,normal,0,-0.4125446668335731,-1.0,0.6744907594765952,0,0,0,0,0
16.29213354361694,0.0,6.0,6.0,2.0,2.5,2.5,0.18867176582925782,0.0,4.901306335382197,0.8,0.8,0.0,0.0,0.0,0.0,lateral_movement,1,-0.7674009791328763,-2.6185400808110906,4.42838066492663,1,0,0,1,0
9.269689360613903,0.0,6.0,6.0,2.0,2.5,2.5,0.9490712529867253,0.0,3.052693157741418,0.8,0.8,0.0,0.0,0.0,0.0,lateral_movement,1,-0.7486832004548118,-2.3275222547445904,4.046944556859572,1,0,0,1,0
2.9689296525426996,0.0,5.0,0.0,0.0,2.0,0.0,0.9851941929625699,0.0,6.0,0.983548657272568,0.0,0.0,0.0,0.0,0.0,collection,1,-0.6124804878337823,-1.4710062914452537,2.6495931958549273,0,0,0,0,0
2.581024802315781,0.0,1.0879744178455182,0.0,0.0,2.0,2.0,0.99826070653998,0.0,0.9156518015367141,0.0,0.0,0.0,0.0,0.0,2.0,ioc_activity,1,-0.5629235008336562,-18317768076.71391,1.3489815189531904,0,1,0,1,0
5.0,0.0,3.0,0.0,0.0,0.8333,0.0,0.6,0.0,5.0,0.4,0.0,0.0,0.0,0.0,0.0,normal,0,-0.5073606910482564,-1.1524578371196872,1.3247965979274636,0,0,0,0,0
1.0,1.0,1.0,1.0,1.0,0.1667,0.1667,1.0,1.0,1.0,1.0,0.0,0.0,0.0,0.0,0.0,normal,0,-0.5974778552845598,-1.7555140913167113,0.6744907594765952,0,0,0,0,0
3.1326243328000354,0.0,5.0,0.0,0.0,2.0,0.0,1.0325848903073842,0.0,6.0,0.0,0.0,0.0,0.0,0.0,0.0,collection,1,-0.6150726982179969,-1.459665496121287,2.6495931958549273,0,0,0,0,0
12.206823108650333,3.8579706548654222,5.0,3.274182950778468,1.0175043561057748,2.0,0.6583166531469214,0.7,0.8246501088507955,6.0,0.0,0.7559156637996585,0.0,0.0,0.0,0.0,collection,1,-0.7071942513250457,-2.1124229467575,3.245333859271406,0,0,0,0,0
1.0629276886235766,0.0,1.0575179672458679,5.0,2.0,0.1534271512048669,2.5,1.0910698856375622,0.7,0.9865944985735535,0.0,0.8,0.0,0.0,0.0,0.0,network_burst,1,-0.6416865467432846,-2.164344429281234,3.3724537973829762,0,0,0,0,0
4.162426772559114,0.0,3.2890835685255215,0.0,0.0,2.5,0.0,1.0441391893436704,0.0,1.0564010341476355,1.0733602876523853,0.0,0.0,0.0,0.0,0.0,process_burst,1,-0.5813332175441649,-1.7383500274392665,1.5737892890867395,0,0,0,0,0
1.0,0.0,1.0,0.0,0.0,0.1667,0.0,1.0,0.0,1.0,1.0,0.0,0.0,0.0,0.0,0.0,normal,0,-0.4125446668335731,-1.0,0.6744907594765952,0,0,0,0,0
12.0,0.0,4.0,0.0,0.0,2.0,0.0,0.3333,0.0,12.0,0.25,0.0,0.0,0.0,0.0,0.0,normal,0,-0.6057356407329014,-2.172981475395737,3.364989318432428,0,0,0,0,0
5.0,0.0,5.0,0.0,0.0,0.8333,0.0,1.0,0.0,5.0,0.8,0.0,0.0,0.0,0.0,0.0,normal,0,-0.57506175215272,-1.2879233826387662,2.6495931958549273,0,0,0,0,0
54.68860311028619,0.0,11.837023295460249,0.0,0.0,2.5,0.0,0.8,0.0,12.98437613003575,0.8,0.0,0.0,0.0,0.0,0.0,process_burst,1,-0.6958349995920861,-9.768116196416077,6.0,0,0,1,1,0
1.0,0.0,1.0,0.0,0.0,0.1667,0.0,1.0,0.0,1.0,0.0,0.0,0.0,0.0,0.0,0.0,normal,0,-0.3319353827068685,-1.0,0.0,0,0,0,0,0
0.0,2.746646800155025,0.0,7.0,3.0,0.0,0.180362619401926,0.0,1.013766761076864,0.0,0.0,0.9,0.0,0.0,0.0,0.0,discovery,1,-0.6450700366410103,-2.365564709414133,4.721435316336167,0,0,0,0,0
6.54492993488401,0.0,6.0,6.0,2.0,2.5,2.5,0.9599849811655792,0.0,2.02248738108967,0.8,0.8,0.0,0.0,0.0,0.0,lateral_movement,1,-0.7419892771985925,-2.3963836584017666,4.046944556859572,1,0,0,1,0
1.0,0.0,1.0,0.0,0.0,0.1667,0.0,1.0,0.0,1.0,0.0,0.0,0.0,0.0,0.0,0.0,normal,0,-0.3319353827068685,-1.0,0.0,0,0,0,0,0
1.0,0.0,1.0,0.0,0.0,0.1667,0.0,1.0,0.0,1.0,0.0,0.0,0.0,0.0,0.0,0.0,normal,0,-0.3319353827068685,-1.0,0.0,0,0,0,0,0
3.0,0.0,3.0,0.0,0.0,0.5,0.0,1.0,0.0,3.0,0.6667,0.0,0.0,0.0,0.0,0.0,normal,0,-0.5244577355469899,-1.101648055080271,1.3247965979274636,0,0,0,0,0
6.0,0.0,6.0,0.0,0.0,1.0,0.0,1.0,0.0,6.0,0.8333,0.0,0.0,0.0,0.0,0.0,normal,0,-0.6248480714873209,-1.3428931173908434,3.3119914948186593,0,0,0,0,0
6.0,0.0,4.0,0.0,0.0,1.0,0.0,0.6667,0.0,6.0,0.5,0.0,0.0,0.0,0.0,0.0,normal,0,-0.5480908331824911,-1.145771358583678,1.9871948968911954,0,0,0,0,0
2.753838766644751,0.0,5.0,0.0,0.0,2.0,0.0,1.006364771155587,0.0,6.0,0.0,0.0,0.0,0.0,0.0,0.0,collection,1,-0.6144921904817058,-1.489934326765656,2.6495931958549273,0,0,0,0,0
1.0,0.0,1.0,0.0,0.0,0.1667,0.0,1.0,0.0,1.0,0.0,0.0,0.0,0.0,0.0,0.0,normal,0,-0.3319353827068685,-1.0,0.0,0,0,0,0,0
6.0,0.0,1.0,0.0,0.0,1.0,0.0,0.1667,0.0,6.0,0.0,0.0,0.0,0.0,0.0,0.0,normal,0,-0.5615356892422038,-1.2179417895692384,1.529540599287467,0,0,0,0,0
2.0,0.0,2.0,0.0,0.0,0.3333,0.0,1.0,0.0,2.0,1.0,0.0,0.0,0.0,0.0,0.0,normal,0,-0.48484325770361536,-1.10262467932583,0.6744907594765952,0,0,0,0,0
0.9640982323356033,0.0,0.9799352270327274,5.0,2.0,0.16336804861413273,2.5,1.0220454888866493,0.7,1.0871874998871454,1.0707968752294459,0.8,0.0,0.0,0.0,0.0,network_burst,1,-0.664297593595128,-2.187096512774639,3.3724537973829762,0,0,0,0,0
12.0,0.0,4.0,0.0,0.0,2.0,0.0,0.3333,0.0,12.0,0.25,0.0,0.0,0.0,0.0,0.0,normal,0,-0.6057356407329014,-2.172981475395737,3.364989318432428,0,0,0,0,0
22.23966850859023,5.205240058791838,2.135329436518363,1.0125964484132755,1.0399962043644524,2.0,2.0,0.23313817521661054,0.47086453325559985,4.4985370923196175,0.11306132728332505,0.45024779308570234,0.0,0.0,0.0,2.0,ioc_activity,1,-0.7161761436825397,-3.3748270244414535,6.0,1,0,1,2,1
0.0,5.016087801257113,0.0,5.0,2.0,0.0,2.5,0.0,0.9414041083049625,0.0,0.0,0.9833219266138297,0.0,0.0,0.0,0.0,network_burst,1,-0.6900458973175391,-2.1160876445778323,3.3724537973829762,0,0,0,0,0
1.0,0.0,1.0,0.0,0.0,0.1667,0.0,1.0,0.0,1.0,1.0,0.0,0.0,0.0,0.0,0.0,normal,0,-0.4125446668335731,-1.0,0.6744907594765952,0,0,0,0,0
0.0,0.9739143212713516,5.0,0.9138279890014523,0.9340638176223658,2.0,0.17429754893923072,0.7,1.0447490580383676,6.0,0.0,1.0671060396222185,0.0,0.0,0.0,0.0,collection,1,-0.6504416072394245,-2.3675404120259387,2.6495931958549273,0,0,0,0,0
3.0,1.0,3.0,1.0,1.0,0.5,0.1667,1.0,1.0,3.0,0.6667,1.0,0.0,0.0,0.0,0.0,normal,0,-0.6038165815141041,-1.3167784383006573,1.3247965979274636,0,0,0,0,0
0.9991210156402287,0.0,0.9696551766922913,7.0,3.0,0.16324718408706282,0.0,0.910176146909003,0.9,0.9515225232364073,0.0,0.9,0.0,0.0,0.0,0.0,discovery,1,-0.6146755897262237,-2.745565487278805,4.721435316336167,0,0,0,0,0
2.0,0.0,1.0,0.0,0.0,0.3333,0.0,0.5,0.0,2.0,0.0,0.0,0.0,0.0,0.0,0.0,normal,0,-0.4662252644366985,-5424859792.896738,0.3372453797382976,0,0,0,0,0
1.0,0.0,1.0,0.0,0.0,0.1667,0.0,1.0,0.0,1.0,0.0,0.0,0.0,0.0,0.0,0.0,normal,0,-0.3319353827068685,-1.0,0.0,0,0,0,0,0
7.0,0.0,5.0,0.0,0.0,1.1667,0.0,0.7143,0.0,7.0,0.5714,0.0,0.0,0.0,0.0,0.0,normal,0,-0.5768686808041511,-1.3230156461395584,2.6495931958549273,0,0,0,0,0
1.0,4.0,1.0,3.0,1.0,0.1667,0.6667,1.0,0.75,0.25,0.0,0.75,0.0,0.0,0.0,0.0,normal,0,-0.5962723918282665,-1.4541682254343475,2.0647853770160247,0,0,0,0,0
4.229539502001711,0.0,3.123099227175801,0.0,0.0,2.5,0.0,0.9229060147071947,0.0,0.9942192412286266,0.8,0.0,0.0,0.0,0.0,0.0,process_burst,1,-0.5778858874245805,-1.730344085761469,1.5737892890867395,0,0,0,0,0
3.0,0.0,2.0,0.0,0.0,0.5,0.0,0.6667,0.0,3.0,0.0,0.0,0.0,0.0,0.0,0.0,normal,0,-0.49374321690762757,-1.0356973214164389,0.6623982989637318,0,0,0,0,0
1.0,2.0,1.0,1.0,1.0,0.1667,0.3333,1.0,0.5,0.5,0.0,0.5,0.0,0.0,0.0,0.0,normal,0,-0.5314391575829355,-0.992620899338952,1.0323926885080124,0,0,0,0,0
1.0,0.0,1.0,0.0,0.0,0.1667,0.0,1.0,0.0,1.0,0.0,0.0,0.0,0.0,0.0,0.0,normal,0,-0.3319353827068685,-1.0,0.0,0,0,0,0,0
2.842021196715962,0.0,5.0,0.0,0.0,2.0,0.0,0.9193869083578627,0.0,6.0,0.0,0.0,0.0,0.0,0.0,0.0,collection,1,-0.6106666453395765,-1.4713703431700318,2.6495931958549273,0,0,0,0,0
1.0,0.0,1.0,0.0,0.0,0.1667,0.0,1.0,0.0,1.0,0.0,0.0,0.0,0.0,0.0,0.0,normal,0,-0.3319353827068685,-1.0,0.0,0,0,0,0,0
0.0,25.473702110364904,6.0,6.0,2.059438716588173,2.5,2.5,0.0,0.6595770817191244,0.0,0.8,0.8,0.0,0.0,0.0,0.0,lateral_movement,1,-0.7633623052573955,-7.778810374692581,6.0,1,0,1,2,1
1.0,0.0,1.0,0.0,0.0,0.1667,0.0,1.0,0.0,1.0,0.0,0.0,0.0,0.0,0.0,0.0,normal,0,-0.3319353827068685,-1.0,0.0,0,0,0,0,0
34.87530706154365,0.0,3.916730143232562,0.0,0.0,2.186135313598991,2.0,0.30342311216414297,0.0,13.953789362276076,0.22369140003170676,0.0,0.0,0.0,0.0,2.0,ioc_activity,1,-0.7096161986553254,-5.765297107934266,6.0,0,0,1,1,0
1.0,0.0,1.0,0.0,0.0,0.1667,0.0,1.0,0.0,1.0,0.0,0.0,0.0,0.0,0.0,0.0,normal,0,-0.3319353827068685,-1.0,0.0,0,0,0,0,0
1.0,0.0,1.0,0.0,0.0,0.1667,0.0,1.0,0.0,1.0,0.0,0.0,0.0,0.0,0.0,0.0,normal,0,-0.3319353827068685,-1.0,0.0,0,0,0,0,0
17.61061575567619,0.0,5.0,0.0,0.0,2.0,0.0,0.7,0.0,6.0,0.48612988988526834,0.0,0.0,0.0,0.0,0.0,collection,1,-0.6276765041482033,-2.657844153160858,4.8101940409528945,0,0,0,0,0
0.9282054599900029,0.0,1.0805785375260568,7.0,3.0,0.15566895114414442,0.0,0.918000278209018,0.9,0.9142609068369691,1.0979646138409749,0.9,0.0,0.0,0.0,0.0,discovery,1,-0.6407633485931609,-2.769522510507391,4.721435316336167,0,0,0,0,0
14.779131447094533,0.0,9.246732991184174,0.0,0.0,2.5,0.0,0.8,0.0,3.8362872202752722,0.8,0.0,0.0,0.0,0.0,0.0,process_burst,1,-0.6662020663808331,-2.545077730793922,5.4626219053684855,0,0,0,0,0
1.0,0.0,1.0,0.0,0.0,0.1667,0.0,1.0,0.0,1.0,0.0,0.0,0.0,0.0,0.0,0.0,normal,0,-0.3319353827068685,-1.0,0.0,0,0,0,0,0
1.0108833104079868,0.0,0.9506369212253204,5.0,2.0,0.18059772591035736,2.5,1.0216258423829183,0.7,0.9800902490490557,1.0063772182692137,0.8,0.0,0.0,0.0,0.0,network_burst,1,-0.6639347163003128,-2.178026704880452,3.3724537973829762,0,0,0,0,0
1.0,0.0,1.0,0.0,0.0,0.1667,0.0,1.0,0.0,1.0,0.0,0.0,0.0,0.0,0.0,0.0,normal,0,-0.3319353827068685,-1.0,0.0,0,0,0,0,0
1.0,0.0,1.0,0.0,0.0,0.1667,0.0,1.0,0.0,1.0,0.0,0.0,0.0,0.0,0.0,0.0,normal,0,-0.3319353827068685,-1.0,0.0,0,0,0,0,0
2.0,0.0,2.0,0.0,0.0,0.3333,0.0,1.0,0.0,2.0,0.0,0.0,0.0,0.0,0.0,0.0,normal,0,-0.4831074731137796,-1911188007.047451,0.6623982989637318,0,0,0,0,0
0.0,1.0,0.0,1.0,1.0,0.0,0.1667,0.0,1.0,0.0,0.0,1.0,0.0,0.0,0.0,0.0,normal,0,-0.472756207647273,-0.9935975672453746,0.6744907594765952,0,0,0,0,0
1.0,0.0,1.0,0.0,0.0,0.1667,0.0,1.0,0.0,1.0,0.0,0.0,0.0,0.0,0.0,0.0,normal,0,-0.3319353827068685,-1.0,0.0,0,0,0,0,0
1.0,0.0,1.0,0.0,0.0,0.1667,0.0,1.0,0.0,1.0,0.0,0.0,0.0,0.0,0.0,0.0,normal,0,-0.3319353827068685,-1.0,0.0,0,0,0,0,0
4.0,3.0,2.0,3.0,1.0,0.6667,0.5,0.5,1.0,1.3333,0.25,1.0,0.0,0.0,0.0,0.0,normal,0,-0.6282801481815234,-1.5964422607186965,2.023472278429786,0,0,0,0,0
1.0,0.0,1.0,0.0,0.0,0.1667,0.0,1.0,0.0,1.0,0.0,0.0,0.0,0.0,0.0,0.0,normal,0,-0.3319353827068685,-1.0,0.0,0,0,0,0,0
2.0,1.0,2.0,1.0,1.0,0.3333,0.1667,1.0,1.0,2.0,0.5,1.0,0.0,0.0,0.0,0.0,normal,0,-0.5644522364538951,-1.2595194707404136,0.6744907594765952,0,0,0,0,0
8.169625313120019,0.0,3.061864294403235,0.0,0.0,2.5,0.0,0.8,0.0,1.8991358251805432,0.8,0.0,0.0,0.0,0.0,0.0,process_burst,1,-0.6036600524027983,-1.557118241771103,2.0762197780205667,0,0,0,0,0
1.045674993149282,0.0,1.0753356277503408,7.0,3.0,0.17738566816824586,0.0,0.9575709752096309,0.9,0.9476677058724121,1.0005749873960708,0.9,0.0,0.0,0.0,0.0,discovery,1,-0.6408332823917794,-2.7693489543640606,4.721435316336167,0,0,0,0,0
0.0,5.3457969578021425,0.0,5.0,2.0,0.0,2.5,0.0,1.0168455720122438,0.0,0.0,0.9742505274176555,0.0,0.0,0.0,0.0,network_burst,1,-0.6900509313036138,-2.1304930544247416,3.3724537973829762,0,0,0,0,0
4.005834161265635,0.0,0.9008015209466679,5.0,2.0,0.6779857421434495,2.5,0.2698651099877047,0.7,4.028960330489101,0.0,0.8,0.0,0.0,0.0,0.0,network_burst,1,-0.6779215308873465,-2.187884562062934,3.3724537973829762,0,0,0,0,0
1.8741501091209944,0.0,1.915771883003226,7.0,3.0,0.35347935554852244,0.0,0.9548268787377218,0.9,1.8540152384224944,0.0,0.9,0.0,0.0,0.0,0.0,discovery,1,-0.6429526731800199,-2.6829408632380756,4.721435316336167,0,0,0,0,0
4.139800285104179,0.0,1.8296282210954826,7.0,3.0,0.6115921092289842,0.0,0.4940962631798037,0.9,3.7896496615877306,0.5329749910124912,0.9,0.0,0.0,0.0,0.0,discovery,1,-0.6573736683325667,-2.730683352619847,4.721435316336167,0,0,0,0,0
2.8408220934311377,0.0,5.0,0.0,0.0,2.0,0.0,0.9300259113498515,0.0,6.0,0.0,0.0,0.0,0.0,0.0,0.0,collection,1,-0.6107548803429018,-1.4715840989126812,2.6495931958549273,0,0,0,0,0
0.0,1.034040651070271,0.0,0.9116216963442895,0.9733216769865225,2.5,0.16131413915313286,0.8,0.9965145017174588,0.0,0.8,1.0009582965806996,0.0,0.0,0.0,0.0,process_burst,1,-0.6162873593165418,-1.3369856467839147,1.5737892890867395,0,0,0,0,0
1.0,0.0,1.0,0.0,0.0,0.1667,0.0,1.0,0.0,1.0,0.0,0.0,0.0,0.0,0.0,0.0,normal,0,-0.3319353827068685,-1.0,0.0,0,0,0,0,0
1.095844926741456,0.0,1.0438625067381648,5.0,2.0,0.16066987716991285,2.5,1.01619787474961,0.7,1.0203549511735417,0.0,0.8,0.0,0.0,0.0,0.0,network_burst,1,-0.6424277105110899,-2.1630579192552286,3.3724537973829762,0,0,0,0,0
4.0,0.0,2.0,0.0,0.0,0.6667,0.0,0.5,0.0,4.0,0.5,0.0,0.0,0.0,0.0,0.0,normal,0,-0.5107484990306546,-1.0835784923147178,0.9177243595724803,0,0,0,0,0
5.601525576718637,0.0,6.0,6.0,2.0,2.5,2.5,0.9597518141245265,0.0,1.9336375438639815,0.8,0.8,0.0,0.0,0.0,0.0,lateral_movement,1,-0.7397389173678168,-2.6304132954885286,4.046944556859572,1,0,0,1,0
4.0,3.0,2.0,2.0,1.0,0.6667,0.5,0.5,0.6667,1.3333,0.25,0.0,0.0,0.0,0.0,0.0,normal,0,-0.6148099815335175,-1.5208332432737812,1.5485890327620186,0,0,0,0,0
1.0,0.0,1.0,0.0,0.0,0.1667,0.0,1.0,0.0,1.0,0.0,0.0,0.0,0.0,0.0,0.0,normal,0,-0.3319353827068685,-1.0,0.0,0,0,0,0,0
3.221810577424179,8.317485687326144,6.0,6.0,2.0,2.5,2.5,0.9631528955692182,0.4572454973595872,0.5444805171944039,0.8,0.8,0.0,0.0,0.0,0.0,lateral_movement,1,-0.7551283319494243,-3.143173504917472,4.293455705182776,1,0,0,1,0
28.682627530901378,0.0,13.513500374818978,0.0,0.0,2.5,0.0,0.8,0.0,6.632721708704836,0.8,0.0,0.0,0.0,0.0,0.0,process_burst,1,-0.6761460587518967,-4.87210025553452,6.0,0,0,1,1,0
0.9902093000370511,0.0,0.9923635822899497,5.0,2.0,0.1607226563267805,2.5,0.9757185575119462,0.7,0.9332125264827946,0.0,0.8,0.0,0.0,0.0,0.0,network_burst,1,-0.6437255424572864,-2.151510059233391,3.3724537973829762,0,0,0,0,0
2.954193072330363,0.0,5.0,0.0,0.0,2.0,0.0,0.9896504709107488,0.0,6.0,0.0,0.0,0.0,0.0,0.0,0.0,collection,1,-0.6139842647247211,-1.4667527051494598,2.6495931958549273,0,0,0,0,0
2.9024938238306635,0.0,6.0,6.0,2.0,2.5,2.5,1.0561837982061562,0.0,0.963255075436995,0.9410519700930405,0.8,0.0,0.0,0.0,0.0,lateral_movement,1,-0.7341736297195834,-3.2250037375323863,4.046944556859572,1,0,0,1,0
0.0,2.8704307863159095,0.0,7.0,3.0,0.0,0.1600760207244716,0.0,0.9673713087666538,0.0,0.0,1.0659190818171411,0.0,0.0,0.0,0.0,discovery,1,-0.6443498425823355,-2.3728301256652014,4.721435316336167,0,0,0,0,0
35.67160303793076,43.770090530150945,5.41890972281009,3.153222924735185,1.0218858736993934,2.024638435400359,2.689821044968787,0.40501276210257164,0.18828214345145883,0.8723388583659195,0.35457473176582543,0.12202350870121585,0.0,0.0,0.0,2.0,ioc_activity,1,-0.7499938303431994,-9.029131786643617,6.0,1,0,1,2,1
0.9667099852956711,0.0,0.9254451923783656,7.0,3.0,0.16490905316827192,0.0,1.0518682200044775,0.9,0.9042312022846587,0.0,0.9,0.0,0.0,0.0,0.0,discovery,1,-0.6112397680458209,-2.746839477494054,4.721435316336167,0,0,0,0,0
1.02752179604581,0.0,1.0962774202506005,7.0,3.0,0.16588520951558605,0.0,1.0644427092187614,0.9,1.056351409514789,0.0,0.9,0.0,0.0,0.0,0.0,discovery,1,-0.6096881540728298,-2.759517760415462,4.721435316336167,0,0,0,0,0
1.0,0.0,1.0,0.0,0.0,0.1667,0.0,1.0,0.0,1.0,0.0,0.0,0.0,0.0,0.0,0.0,normal,0,-0.3319353827068685,-1.0,0.0,0,0,0,0,0
1.0,0.0,1.0,0.0,0.0,0.1667,0.0,1.0,0.0,1.0,1.0,0.0,0.0,0.0,0.0,0.0,normal,0,-0.4125446668335731,-1.0,0.6744907594765952,0,0,0,0,0
0.9489593003100292,0.0,1.088003802161503,5.0,2.0,0.1672888351197329,2.5,1.0059491332364996,0.7,0.9869126169395381,0.0,0.8,0.0,0.0,0.0,0.0,network_burst,1,-0.6428558110173469,-2.1578788724428972,3.3724537973829762,0,0,0,0,0
2.088762711805071,0.0,1.0873339383730254,7.0,3.0,0.33314319583967617,0.0,0.5008192914778246,0.9,2.1979259571318437,0.0,0.9,0.0,0.0,0.0,0.0,discovery,1,-0.6306308725337088,-2.6752665863968303,4.721435316336167,0,0,0,0,0
1.065357976384749,0.0,1.0194789058147682,5.0,2.0,0.18155363316667036,2.5,1.084780080109086,0.7,0.9009237597686656,0.9077083998646872,0.8,0.0,0.0,0.0,0.0,network_burst,1,-0.6634657280992219,-2.17613469950471,3.3724537973829762,0,0,0,0,0
19.18501894151722,19.38340211104316,5.290673591644611,6.45397767707263,2.8932204489186315,2.0,2.0,0.5691668302134285,0.7856785772040612,0.9342006966472302,0.49257125237469174,0.7480568240068736,0.0,0.0,0.0,2.0,ioc_activity,1,-0.7740168585196605,-4.322826839220537,6.0,1,0,1,2,1
11.385885780205385,34.26811386235839,6.0,6.250634494128975,3.299634021908717,2.5,2.5,0.7761216451339703,0.6839986251878023,0.5089789983855859,0.8,0.8,0.0,0.0,0.0,0.0,lateral_movement,1,-0.7761445349494326,-10.019210159051527,6.0,1,0,1,2,1
3.7039372042683776,0.0,2.8361456094305306,0.0,0.0,2.5,0.0,0.9624733282764083,0.0,1.0609528714993604,0.9774956758060349,0.0,0.0,0.0,0.0,0.0,process_burst,1,-0.5748970546829184,-1.703846293774307,1.5737892890867395,0,0,0,0,0
2.6055346769888263,0.0,1.0809012700838896,0.0,0.0,2.0,2.0,0.9965815664742143,0.0,0.9613548167154411,0.0,0.0,0.0,0.0,0.0,2.0,ioc_activity,1,-0.563446755942158,-18320068645.426674,1.3489815189531904,0,1,0,1,0
0.0,2.0,0.0,2.0,1.0,0.0,0.3333,0.0,1.0,0.0,0.0,0.0,0.0,0.0,0.0,0.0,normal,0,-0.5734578304496348,-0.9969154756424707,1.3489815189531904,0,0,0,0,0
1.0,0.0,1.0,0.0,0.0,0.1667,0.0,1.0,0.0,1.0,0.0,0.0,0.0,0.0,0.0,0.0,normal,0,-0.3319353827068685,-1.0,0.0,0,0,0,0,0
6.0,0.0,4.0,0.0,0.0,1.0,0.0,0.6667,0.0,6.0,0.5,0.0,0.0,0.0,0.0,0.0,normal,0,-0.5480908331824911,-1.145771358583678,1.9871948968911954,0,0,0,0,0
3.6999389434445145,0.0,3.1471128769973067,0.0,0.0,2.5,0.0,0.9386082981737809,0.0,1.041980939456261,0.8,0.0,0.0,0.0,0.0,0.0,process_burst,1,-0.5747903748210054,-1.6230811067092792,1.5737892890867395,0,0,0,0,0
0.0,0.9709051936259737,0.0,1.0786242242644397,1.0556766994147524,2.5,0.16559047826425932,0.8,0.9308578984135096,0.0,0.8,1.093501946486842,0.0,0.0,0.0,0.0,process_burst,1,-0.6207749934989474,-1.3277344872727295,1.5737892890867395,0,0,0,0,0
0.0,1.0,0.0,1.0,1.0,0.0,0.1667,0.0,1.0,0.0,0.0,1.0,0.0,0.0,0.0,0.0,normal,0,-0.472756207647273,-0.9935975672453746,0.6744907594765952,0,0,0,0,0
1.0,0.0,1.0,0.0,0.0,0.1667,0.0,1.0,0.0,1.0,0.0,0.0,0.0,0.0,0.0,0.0,normal,0,-0.3319353827068685,-1.0,0.0,0,0,0,0,0
1.0543698686458312,0.0,1.0670251582161467,7.0,3.0,0.1690727198509384,0.0,0.9077288619653769,0.9,1.003782928497417,1.0619881472889743,0.9,0.0,0.0,0.0,0.0,discovery,1,-0.6415242402145286,-2.773010062087477,4.721435316336167,0,0,0,0,0
1.0,0.0,1.0,0.0,0.0,0.1667,0.0,1.0,0.0,1.0,1.0,0.0,0.0,0.0,0.0,0.0,normal,0,-0.4125446668335731,-1.0,0.6744907594765952,0,0,0,0,0
2.833042792582259,0.0,5.0,0.0,0.0,2.0,0.0,1.0728216707630691,0.0,6.0,0.9736464772496742,0.0,0.0,0.0,0.0,0.0,collection,1,-0.6122496584340454,-1.4792557207860912,2.6495931958549273,0,0,0,0,0
0.943740845230327,0.0,1.0872353863280393,7.0,3.0,0.15166758224262633,0.0,0.9126656957405116,0.9,1.0137139429407471,0.0,0.9,0.0,0.0,0.0,0.0,discovery,1,-0.6140737996482037,-2.7502173325177504,4.721435316336167,0,0,0,0,0
1.0,0.0,1.0,0.0,0.0,0.1667,0.0,1.0,0.0,1.0,0.0,0.0,0.0,0.0,0.0,0.0,normal,0,-0.3319353827068685,-1.0,0.0,0,0,0,0,0
0.932574300110911,5.184562073393678,0.9678955508417806,5.0,2.0,0.15332814300019476,2.5,1.076207210383574,0.9556226713742976,0.9404176203290956,0.0,0.8,0.0,0.0,0.0,0.0,network_burst,1,-0.680325320971108,-2.1124269004658704,3.3724537973829762,0,0,0,0,0
15.498156897807448,0.0,5.0,0.0,0.0,2.0,0.0,0.7,0.0,6.0,0.0,0.0,0.0,0.0,0.0,0.0,collection,1,-0.6387988887322615,-2.3197372896806607,4.1984565136185426,0,0,0,0,0
1.0,4.0,1.0,3.0,1.0,0.1667,0.6667,1.0,0.75,0.25,1.0,0.75,0.0,0.0,0.0,0.0,normal,0,-0.6113603126013689,-1.4903361716267551,2.0647853770160247,0,0,0,0,0
3.0165269246983097,0.0,5.0,0.0,0.0,2.0,0.0,0.9998560513948296,0.0,6.0,0.0,0.0,0.0,0.0,0.0,0.0,collection,1,-0.6150726982179969,-1.4640082747676446,2.6495931958549273,0,0,0,0,0
0.0,4.820397203597308,0.0,5.0,2.0,0.0,2.5,0.0,1.0776730906125682,0.0,0.0,0.9214805912577154,0.0,0.0,0.0,0.0,network_burst,1,-0.6892322637423504,-2.0841981382472294,3.3724537973829762,0,0,0,0,0
1.0,0.0,1.0,0.0,0.0,0.1667,0.0,1.0,0.0,1.0,0.0,0.0,0.0,0.0,0.0,0.0,normal,0,-0.3319353827068685,-1.0,0.0,0,0,0,0,0
2.8850757734986505,0.0,5.0,0.0,0.0,2.0,0.0,0.906835882185652,0.0,6.0,0.0,0.0,0.0,0.0,0.0,0.0,collection,1,-0.6097190223614631,-1.4689368055682264,2.6495931958549273,0,0,0,0,0
1.0,0.0,1.0,0.0,0.0,0.1667,0.0,1.0,0.0,1.0,0.0,0.0,0.0,0.0,0.0,0.0,normal,0,-0.3319353827068685,-1.0,0.0,0,0,0,0,0
2.269361300614498,0.0,0.9990982682537365,0.0,0.0,2.0,2.0,1.0333924327126813,0.0,0.9692428910722184,1.0170295643282607,0.0,0.0,0.0,0.0,2.0,ioc_activity,1,-0.5938844213148866,-3.3502679176012133,1.3489815189531904,0,0,0,0,0
1.0,0.0,1.0,0.0,0.0,0.1667,0.0,1.0,0.0,1.0,0.0,0.0,0.0,0.0,0.0,0.0,normal,0,-0.3319353827068685,-1.0,0.0,0,0,0,0,0
2.093397961825132,0.0,0.9758105390074611,5.0,2.0,0.34870752420367535,2.5,0.5069933818641527,0.7,2.161589316351216,0.0,0.8,0.0,0.0,0.0,0.0,network_burst,1,-0.6525625811752244,-2.150864080914364,3.3724537973829762,0,0,0,0,0
1.0,0.0,1.0,0.0,0.0,0.1667,0.0,1.0,0.0,1.0,0.0,0.0,0.0,0.0,0.0,0.0,normal,0,-0.3319353827068685,-1.0,0.0,0,0,0,0,0
4.31263399270282,0.0,3.0113150162318694,0.0,0.0,2.5,0.0,0.9188933336123031,0.0,0.952492103184573,0.8,0.0,0.0,0.0,0.0,0.0,process_burst,1,-0.5767987471368938,-1.7473738524794349,1.5737892890867395,0,0,0,0,0
8.0,8.0,5.0,6.0,3.0,1.3333,1.3333,0.625,0.75,1.0,0.5,0.75,0.0,0.0,0.0,0.0,normal,0,-0.7330907309772856,-3.064983668376965,4.129570754032049,1,0,0,1,0
1.0,0.0,1.0,0.0,0.0,0.1667,0.0,1.0,0.0,1.0,0.0,0.0,0.0,0.0,0.0,0.0,normal,0,-0.3319353827068685,-1.0,0.0,0,0,0,0,0
2.0,0.0,1.0,0.0,0.0,0.3333,0.0,0.5,0.0,2.0,0.0,0.0,0.0,0.0,0.0,0.0,normal,0,-0.4662252644366985,-5424859792.896738,0.3372453797382976,0,0,0,0,0
1.0,0.0,1.0,0.0,0.0,0.1667,0.0,1.0,0.0,1.0,0.0,0.0,0.0,0.0,0.0,0.0,normal,0,-0.3319353827068685,-1.0,0.0,0,0,0,0,0
1.0,0.0,1.0,0.0,0.0,0.1667,0.0,1.0,0.0,1.0,0.0,0.0,0.0,0.0,0.0,0.0,normal,0,-0.3319353827068685,-1.0,0.0,0,0,0,0,0
1.0,0.0,1.0,0.0,0.0,0.1667,0.0,1.0,0.0,1.0,0.0,0.0,0.0,0.0,0.0,0.0,normal,0,-0.3319353827068685,-1.0,0.0,0,0,0,0,0
1.0,0.0,1.0,0.0,0.0,0.1667,0.0,1.0,0.0,1.0,0.0,0.0,0.0,0.0,0.0,0.0,normal,0,-0.3319353827068685,-1.0,0.0,0,0,0,0,0
3.0578670596161643,0.0,5.0,0.0,0.0,2.0,0.0,0.9594823918187161,0.0,6.0,0.0,0.0,0.0,0.0,0.0,0.0,collection,1,-0.6121242208122676,-1.461472532803363,2.6495931958549273,0,0,0,0,0
10.14359336892122,0.0,3.723538470417714,7.0,3.0,1.8440766338672787,0.0,0.3825469067729159,0.9,10.285397249283209,0.26493801072342665,0.9,0.0,0.0,0.0,0.0,discovery,1,-0.7092330521451706,-2.3289225390060784,4.721435316336167,0,0,0,0,0
3.0,3.0,3.0,2.0,2.0,0.5,0.5,1.0,0.6667,1.0,1.0,0.3333,0.0,0.0,0.0,0.0,normal,0,-0.65335694353487,-1.5854068673453072,1.5485890327620186,0,0,0,0,0
1.0,0.0,1.0,0.0,0.0,0.1667,0.0,1.0,0.0,1.0,0.0,0.0,0.0,0.0,0.0,0.0,normal,0,-0.3319353827068685,-1.0,0.0,0,0,0,0,0
4.0,1.0,4.0,1.0,1.0,0.6667,0.1667,1.0,1.0,4.0,0.75,1.0,0.0,0.0,0.0,0.0,normal,0,-0.6310853786648498,-1.2579448560572324,1.9871948968911954,0,0,0,0,0
3.9511291682440377,0.0,3.195775154516615,0.0,0.0,2.5,0.0,1.0344480186079623,0.0,1.0318845269383805,0.8,0.0,0.0,0.0,0.0,0.0,process_burst,1,-0.575533522875031,-1.6758219985031895,1.5737892890867395,0,0,0,0,0
12.822556725135534,2.9678336952862256,5.0,2.0603178358870946,0.9231797730638499,2.0,0.4989265190830798,0.7,0.620389702446415,6.0,0.2273686253364745,0.0,0.0,0.0,0.0,0.0,collection,1,-0.6895507948670805,-2.0171503508305486,3.4236414076727577,0,0,0,0,0
2.7233876265223924,0.0,5.0,0.0,0.0,2.0,0.0,1.0873814576261909,0.0,6.0,0.0,0.0,0.0,0.0,0.0,0.0,collection,1,-0.6144921904817058,-1.493225590563698,2.6495931958549273,0,0,0,0,0
4.0,0.0,4.0,0.0,0.0,0.6667,0.0,1.0,0.0,4.0,1.0,0.0,0.0,0.0,0.0,0.0,normal,0,-0.542285051766301,-1.2899514728851986,1.9871948968911954,0,0,0,0,0
3.0,0.0,2.0,0.0,0.0,0.5,0.0,0.6667,0.0,3.0,0.3333,0.0,0.0,0.0,0.0,0.0,normal,0,-0.47667578021020374,-1.0474582000755308,0.6623982989637318,0,0,0,0,0
5.756242182608897,0.0,5.0,0.0,0.0,2.0,0.0,1.0253904680864538,0.0,6.0,0.5033905632722373,0.0,0.0,0.0,0.0,0.0,collection,1,-0.6063199136797941,-1.2465996961632155,2.6495931958549273,0,0,0,0,0
0.0,2.0,0.0,1.0,1.0,0.0,0.3333,0.0,0.5,0.0,0.0,0.5,0.0,0.0,0.0,0.0,normal,0,-0.5579540354424065,-0.9969154756424707,1.0323926885080124,0,0,0,0,0
0.9024939755882426,0.0,1.0040460134091989,5.0,2.0,0.17969114509865772,2.5,1.036516319641844,0.7,1.0923099259082065,0.0,0.8,0.0,0.0,0.0,0.0,network_burst,1,-0.6437964486259279,-2.1599925267822773,3.3724537973829762,0,0,0,0,0
11.674060842652931,6.740215972285968,5.58913397835,4.647783372542192,3.2616764780254464,2.5,1.1394738474468808,0.8,0.7218705893020293,0.46598591967179304,0.8,0.7113527359308319,0.0,0.0,0.0,0.0,process_burst,1,-0.7466662761480647,-2.6750373780982644,3.4792748443764787,1,0,0,1,0
3.0427279148111985,0.0,5.0,0.0,0.0,2.0,0.0,0.9993129794294375,0.0,6.0,0.0,0.0,0.0,0.0,0.0,0.0,collection,1,-0.6147771129217771,-1.462821777030126,2.6495931958549273,0,0,0,0,0
1.0,0.0,1.0,0.0,0.0,0.1667,0.0,1.0,0.0,1.0,1.0,0.0,0.0,0.0,0.0,0.0,normal,0,-0.4125446668335731,-1.0,0.6744907594765952,0,0,0,0,0
4.397627726270059,0.0,2.8703450627184233,0.0,0.0,2.5,0.0,1.0300250031117595,0.0,1.0794066797793251,0.8,0.0,0.0,0.0,0.0,0.0,process_burst,1,-0.5754253772266468,-1.725636935528128,1.5737892890867395,0,0,0,0,0
3.1264569210131583,0.0,6.0,6.0,2.0,2.5,2.5,1.0014468355121642,0.0,0.9514661374389967,0.8,0.8,0.0,0.0,0.0,0.0,lateral_movement,1,-0.7332088376127894,-3.012718607532374,4.046944556859572,1,0,0,1,0
1.0,0.0,1.0,0.0,0.0,0.1667,0.0,1.0,0.0,1.0,0.0,0.0,0.0,0.0,0.0,0.0,normal,0,-0.3319353827068685,-1.0,0.0,0,0,0,0,0
4.0,2.0,3.0,1.0,1.0,0.6667,0.3333,0.75,0.5,2.0,0.5,0.5,0.0,0.0,0.0,0.0,normal,0,-0.6005031429214132,-1.4157777271862926,1.3247965979274636,0,0,0,0,0
3.189026894044856,0.0,6.0,6.0,2.0,2.5,2.5,0.9915794739502771,0.0,1.0050566327145367,0.8,0.8,0.0,0.0,0.0,0.0,lateral_movement,1,-0.7332088376127894,-2.8722681466189144,4.046944556859572,1,0,0,1,0
13.0,16.0,5.0,3.0,1.0,2.1667,2.6667,0.3846,0.1875,0.8125,0.3846,0.125,0.0,0.0,0.0,0.0,normal,0,-0.7396727178875276,-3.8996936478661905,6.0,1,0,1,2,1
0.0,1.0,0.0,1.0,1.0,0.0,0.1667,0.0,1.0,0.0,0.0,1.0,0.0,0.0,0.0,0.0,normal,0,-0.472756207647273,-0.9935975672453746,0.6744907594765952,0,0,0,0,0
1.0,0.0,1.0,0.0,0.0,0.1667,0.0,1.0,0.0,1.0,0.0,0.0,0.0,0.0,0.0,0.0,normal,0,-0.3319353827068685,-1.0,0.0,0,0,0,0,0
0.912412621308031,0.0,0.9258060114364084,5.0,2.0,0.1631301992349516,2.5,0.963831298921614,0.7,0.9922198860309815,0.0,0.8,0.0,0.0,0.0,0.0,network_burst,1,-0.6445307893158855,-2.162173032428545,3.3724537973829762,0,0,0,0,0
4.0,0.0,3.0,0.0,0.0,0.6667,0.0,0.75,0.0,4.0,0.5,0.0,0.0,0.0,0.0,0.0,normal,0,-0.49508686937752255,-1.074479879138754,1.3247965979274636,0,0,0,0,0
0.0,1.0,0.0,1.0,1.0,0.0,0.1667,0.0,1.0,0.0,0.0,1.0,0.0,0.0,0.0,0.0,normal,0,-0.472756207647273,-0.9935975672453746,0.6744907594765952,0,0,0,0,0
1.0,0.0,1.0,0.0,0.0,0.1667,0.0,1.0,0.0,1.0,0.0,0.0,0.0,0.0,0.0,0.0,normal,0,-0.3319353827068685,-1.0,0.0,0,0,0,0,0
1.0,0.0,1.0,0.0,0.0,0.1667,0.0,1.0,0.0,1.0,0.0,0.0,0.0,0.0,0.0,0.0,normal,0,-0.3319353827068685,-1.0,0.0,0,0,0,0,0
3.9990535668251885,0.0,2.7629878295376424,0.0,0.0,2.5,0.0,0.967771127121921,0.0,0.9049646263597145,1.0854920917008055,0.0,0.0,0.0,0.0,0.0,process_burst,1,-0.5767983076292349,-1.8077768363721682,1.5737892890867395,0,0,0,0,0
1.0779798014144664,0.0,0.9803323268018753,7.0,3.0,0.18132977050926266,0.0,1.01140035637629,0.9,0.9339599947545415,0.0,0.9,0.0,0.0,0.0,0.0,discovery,1,-0.6135779564662001,-2.7508731377062983,4.721435316336167,0,0,0,0,0
0.0,7.0,0.0,5.0,2.0,0.0,1.1667,0.0,0.7143,0.0,0.0,0.7143,0.0,0.0,0.0,0.0,normal,0,-0.6875398713312181,-2.343863714944748,3.6133744097780434,0,0,0,0,0
5.764005159218638,11.215257411223913,6.0,6.0,2.1308032058432,2.5,2.5,1.0423434239843594,1.0716868970146365,0.6245368345946135,0.9001649233669371,0.8,0.0,0.0,0.0,0.0,lateral_movement,1,-0.769510469330038,-3.5124233291940246,5.789274875541434,1,0,0,1,0
7.0,0.0,5.0,0.0,0.0,1.1667,0.0,0.7143,0.0,7.0,0.7143,0.0,0.0,0.0,0.0,0.0,normal,0,-0.5848544798865802,-1.3239295534841888,2.6495931958549273,0,0,0,0,0
9.458226531791336,1.0684910002905335,5.0,0.9072860391365767,1.011238059359558,2.0,0.17871393199866464,1.0296795370406724,0.9840444958064877,6.0,0.6452354102801496,1.040755538908045,0.0,0.0,0.0,0.0,collection,1,-0.6831937601222937,-1.633680232085874,2.6495931958549273,0,0,0,0,0
2.0,0.0,2.0,0.0,0.0,0.3333,0.0,1.0,0.0,2.0,0.5,0.0,0.0,0.0,0.0,0.0,normal,0,-0.4501907853054212,-1.0360887633845515,0.6623982989637318,0,0,0,0,0
3.7187511919360463,0.0,2.94242063444446,0.0,0.0,2.5,0.0,0.9609409207521663,0.0,1.0221975094073257,0.8,0.0,0.0,0.0,0.0,0.0,process_burst,1,-0.5717805801994643,-1.7189118593389041,1.5737892890867395,0,0,0,0,0
1.08830777134762,0.0,1.0792244164847262,5.0,2.0,0.1782515943925057,2.5,0.982713586261994,0.7,0.949051794604642,0.0,0.8,0.0,0.0,0.0,0.0,network_burst,1,-0.6447650371867274,-2.1596250418963483,3.3724537973829762,0,0,0,0,0
1.0,0.0,1.0,0.0,0.0,0.1667,0.0,1.0,0.0,1.0,0.0,0.0,0.0,0.0,0.0,0.0,normal,0,-0.3319353827068685,-1.0,0.0,0,0,0,0,0
2.872685408976821,4.1433162947511155,6.0,6.0,2.0,2.5,2.5,0.9439986878654523,1.062503268049593,1.0472708194294045,0.8,0.8,0.0,0.0,0.0,0.0,lateral_movement,1,-0.7481988555357884,-2.6720136952234004,4.046944556859572,1,0,0,1,0
0.0,1.0,0.0,1.0,1.0,0.0,0.1667,0.0,1.0,0.0,0.0,1.0,0.0,0.0,0.0,0.0,normal,0,-0.472756207647273,-0.9935975672453746,0.6744907594765952,0,0,0,0,0
1.0,0.0,1.0,0.0,0.0,0.1667,0.0,1.0,0.0,1.0,1.0,0.0,0.0,0.0,0.0,0.0,normal,0,-0.4125446668335731,-1.0,0.6744907594765952,0,0,0,0,0
1.0,0.0,1.0,0.0,0.0,0.1667,0.0,1.0,0.0,1.0,0.0,0.0,0.0,0.0,0.0,0.0,normal,0,-0.3319353827068685,-1.0,0.0,0,0,0,0,0
1.0,0.0,1.0,0.0,0.0,0.1667,0.0,1.0,0.0,1.0,0.0,0.0,0.0,0.0,0.0,0.0,normal,0,-0.3319353827068685,-1.0,0.0,0,0,0,0,0
2.6529952911927692,2.2934002216753617,0.908879459382118,1.0995350894739646,1.073891424646938,2.0,2.0,0.9876632618828977,0.9573671109360304,0.9260049990035806,1.000241826707693,0.0,0.0,0.0,0.0,2.0,ioc_activity,1,-0.6838312566979701,-1.7715844132122085,1.3489815189531904,0,0,0,0,0
1.0,0.0,1.0,0.0,0.0,0.1667,0.0,1.0,0.0,1.0,0.0,0.0,0.0,0.0,0.0,0.0,normal,0,-0.3319353827068685,-1.0,0.0,0,0,0,0,0
6.349741785369147,0.0,3.6649232003391194,7.0,3.0,0.9988629067069236,0.0,0.6757894346211906,0.9,6.403935649239232,0.46086571032622625,0.9,0.0,0.0,0.0,0.0,discovery,1,-0.6815560163029293,-2.1600379690621407,4.721435316336167,0,0,0,0,0
2.284413707658123,0.0,1.0046847695689785,0.0,0.0,2.0,2.0,0.9503421283498865,0.0,0.920162275560356,1.0317692296946852,0.0,0.0,0.0,0.0,2.0,ioc_activity,1,-0.5981604385857167,-3.357424669863369,1.3489815189531904,0,0,0,0,0
4.0,0.0,3.0,0.0,0.0,0.6667,0.0,0.75,0.0,4.0,0.5,0.0,0.0,0.0,0.0,0.0,normal,0,-0.49508686937752255,-1.074479879138754,1.3247965979274636,0,0,0,0,0
1.030537346973851,0.0,1.0998843818448376,5.0,2.0,0.17429629558761706,2.5,0.9636652775258041,0.7,0.9849553849630912,0.0,0.8,0.0,0.0,0.0,0.0,network_burst,1,-0.6435383313991374,-2.1591437679089704,3.3724537973829762,0,0,0,0,0
1.0,0.0,1.0,0.0,0.0,0.1667,0.0,1.0,0.0,1.0,1.0,0.0,0.0,0.0,0.0,0.0,normal,0,-0.4125446668335731,-1.0,0.6744907594765952,0,0,0,0,0
4.0,0.0,1.0,0.0,0.0,0.6667,0.0,0.25,0.0,4.0,0.0,0.0,0.0,0.0,0.0,0.0,normal,0,-0.5253078482969161,-1.1409906621701857,0.9177243595724803,0,0,0,0,0
2.0,0.0,1.0,0.0,0.0,0.3333,0.0,0.5,0.0,2.0,0.0,0.0,0.0,0.0,0.0,0.0,normal,0,-0.4662252644366985,-5424859792.896738,0.3372453797382976,0,0,0,0,0
50.24667509443573,56.5228322613772,6.709273517953579,6.024924729551003,2.904083372213088,3.5478132277617376,3.260321059301935,0.3222457187817041,0.2858711487699966,0.985141147336611,0.31773151206544603,0.2908211640950098,0.0,0.0,0.0,2.0,ioc_activity,1,-0.7841405296511745,-12.375132914843624,6.0,1,0,1,2,1
6.006184073830498,0.0,5.0,0.0,0.0,2.0,0.0,1.060540995225376,0.0,6.0,0.5459096063371112,0.0,0.0,0.0,0.0,0.0,collection,1,-0.6089227511051589,-1.2574220442247892,2.6495931958549273,0,0,0,0,0
1.0,0.0,1.0,0.0,0.0,0.1667,0.0,1.0,0.0,1.0,0.0,0.0,0.0,0.0,0.0,0.0,normal,0,-0.3319353827068685,-1.0,0.0,0,0,0,0,0
12.52585264934526,0.0,3.623867816079758,5.0,2.0,2.0217424648704863,2.5,0.320505934643968,0.7,12.524598244937946,0.24880329814055285,0.8,0.0,0.0,0.0,0.0,network_burst,1,-0.7358409416701571,-2.5583112400524617,3.5254681812219357,1,0,0,1,0
3.274616044809254,0.0,6.0,6.0,2.0,2.5,2.5,0.9672762176113414,0.0,0.9023618176358009,0.8,0.8,0.0,0.0,0.0,0.0,lateral_movement,1,-0.7335949885906586,-2.8802242931628377,4.046944556859572,1,0,0,1,0
39.37750234107081,60.43933826783588,6.0,6.0,2.0,2.5,2.5,0.4216197902255625,0.19191225900637487,0.8304221171518759,0.8,0.8,0.0,0.0,0.0,0.0,lateral_movement,1,-0.7810174365224747,-12.041982431025724,6.0,1,0,1,2,1
1.8982798971979924,0.0,1.8108728533990341,7.0,3.0,0.3423364531983189,0.0,1.006322583739088,0.9,1.9798128964494084,0.5140439212103641,0.9,0.0,0.0,0.0,0.0,discovery,1,-0.6334522893139677,-2.6863934526596513,4.721435316336167,0,0,0,0,0
3.6181696585070884,0.0,3.1334156103578703,0.0,0.0,2.5,0.0,1.0392640750155473,0.0,0.9762042452192965,0.8,0.0,0.0,0.0,0.0,0.0,process_burst,1,-0.5737842152243251,-1.6279626666762426,1.5737892890867395,0,0,0,0,0
2.0,0.0,2.0,0.0,0.0,0.3333,0.0,1.0,0.0,2.0,1.0,0.0,0.0,0.0,0.0,0.0,normal,0,-0.48484325770361536,-1.10262467932583,0.6744907594765952,0,0,0,0,0
0.0,1.0,0.0,1.0,1.0,0.0,0.1667,0.0,1.0,0.0,0.0,0.0,0.0,0.0,0.0,0.0,normal,0,-0.5857729258223661,-0.9943565164092875,0.6744907594765952,0,0,0,0,0
1.072126080279226,0.0,1.0335698317695974,5.0,2.0,0.15465274090442221,2.5,1.0349473094698556,0.7,0.9405044815848372,0.0,0.8,0.0,0.0,0.0,0.0,network_burst,1,-0.6429957136102847,-2.158925648628453,3.3724537973829762,0,0,0,0,0
25.32992664954268,41.10984730317905,6.0,6.889476878193997,2.0,2.5,2.5,0.2319972047529184,0.7110637251478672,0.8984818381206598,0.8,0.8,0.0,0.0,0.0,0.0,lateral_movement,1,-0.7869280699567678,-8.158417928517514,6.0,1,0,1,2,1
4.2788483910189,0.0,3.182635096768247,0.0,0.0,2.5,0.0,0.9404809186251437,0.0,1.0721438136651789,0.8,0.0,0.0,0.0,0.0,0.0,process_burst,1,-0.5783920253128997,-1.7293254473636113,1.5737892890867395,0,0,0,0,0
5.024811187609204,2.7139291127314946,2.184090401809187,0.9255764768704633,0.9698008451110902,2.0,2.0,0.9649541257268962,0.9046582120009387,1.8614086723724796,0.5062329494417744,1.0306180132608367,0.0,0.0,0.0,2.0,ioc_activity,1,-0.6731191401824795,-1.9025347007984463,1.4009202865565162,0,0,0,0,0
2.256232829918941,0.0,1.0415361820160154,0.0,0.0,2.0,2.0,1.0697544170120954,0.0,0.9446072255996592,0.0,0.0,0.0,0.0,0.0,2.0,ioc_activity,1,-0.5587527183238769,-25834685614.339706,1.3489815189531904,0,1,0,1,0
0.992935927571466,0.0,0.9438378432957265,5.0,2.0,0.15399447100345223,2.5,0.9352582730044261,0.7,1.06462152456138,0.9797013246948425,0.8,0.0,0.0,0.0,0.0,network_burst,1,-0.6661337776966497,-2.1758598862801897,3.3724537973829762,0,0,0,0,0
4.517860959175181,6.509954967248335,1.0903857580161818,7.0,3.0,0.9116637940844903,0.36035744190639313,0.21882840644784857,0.9,2.2890780699426942,0.0,0.9,0.0,0.0,0.0,0.0,discovery,1,-0.6915368271576321,-2.680999081721221,4.721435316336167,0,0,0,0,0
4.375852093364456,1.096915616286325,2.872936947292743,1.0467506994875833,1.0499967075870538,2.5,0.15415981829397313,0.908189392057144,1.0554686255058359,0.9979399483633812,0.8,0.0,0.0,0.0,0.0,0.0,process_burst,1,-0.6533481887886574,-1.895409969659222,1.5737892890867395,0,0,0,0,0
3.0,1.0,3.0,1.0,1.0,0.5,0.1667,1.0,1.0,3.0,1.0,0.0,0.0,0.0,0.0,0.0,normal,0,-0.6247574798618305,-1.2646713233067122,1.3247965979274636,0,0,0,0,0
1.0,0.0,1.0,0.0,0.0,0.1667,0.0,1.0,0.0,1.0,0.0,0.0,0.0,0.0,0.0,0.0,normal,0,-0.3319353827068685,-1.0,0.0,0,0,0,0,0
1.0,0.0,1.0,0.0,0.0,0.1667,0.0,1.0,0.0,1.0,1.0,0.0,0.0,0.0,0.0,0.0,normal,0,-0.4125446668335731,-1.0,0.6744907594765952,0,0,0,0,0
2.0,0.0,1.0,0.0,0.0,0.3333,0.0,0.5,0.0,2.0,0.0,0.0,0.0,0.0,0.0,0.0,normal,0,-0.4662252644366985,-5424859792.896738,0.3372453797382976,0,0,0,0,0
0.0,1.0,0.0,1.0,1.0,0.0,0.1667,0.0,1.0,0.0,0.0,1.0,0.0,0.0,0.0,0.0,normal,0,-0.472756207647273,-0.9935975672453746,0.6744907594765952,0,0,0,0,0
0.9795050049109987,0.0,0.9256105221095574,5.0,2.0,0.15347347119342902,2.5,1.0178662332254953,0.7,0.9817338754733426,0.0,0.8,0.0,0.0,0.0,0.0,network_burst,1,-0.6426623747611572,-2.1528484351050574,3.3724537973829762,0,0,0,0,0
0.0,0.9346255692845007,0.0,0.9367066457760639,1.0960054359108387,2.5,0.17617125881770254,0.8,1.0144826299917276,0.0,0.8,0.9602685265029436,0.0,0.0,0.0,0.0,process_burst,1,-0.620514773739064,-1.3401607606768795,1.5737892890867395,0,0,0,0,0
1.0,0.0,1.0,0.0,0.0,0.1667,0.0,1.0,0.0,1.0,0.0,0.0,0.0,0.0,0.0,0.0,normal,0,-0.3319353827068685,-1.0,0.0,0,0,0,0,0
0.0,2.0,0.0,2.0,1.0,0.0,0.3333,0.0,1.0,0.0,0.0,0.0,0.0,0.0,0.0,0.0,normal,0,-0.5734578304496348,-0.9969154756424707,1.3489815189531904,0,0,0,0,0
3.091540351060249,0.0,5.0,0.0,0.0,2.0,0.0,1.0901329682938972,0.0,6.0,0.9913491196707999,0.0,0.0,0.0,0.0,0.0,collection,1,-0.6132987811453695,-1.4678889528598118,2.6495931958549273,0,0,0,0,0
4.0,8.0,3.0,6.0,3.0,0.6667,1.3333,0.75,0.75,0.5,0.5,0.75,0.0,0.0,0.0,0.0,normal,0,-0.705736176955852,-2.8107010123002,4.129570754032049,0,0,0,0,0
3.058667604378023,0.0,6.0,6.0,2.0,2.5,2.5,0.9363885910553505,0.0,0.9896916524537717,0.8,0.8,0.0,0.0,0.0,0.0,lateral_movement,1,-0.7326260494777209,-3.008398747542487,4.046944556859572,1,0,0,1,0
5.115135589988422,0.0,0.907782164154843,0.0,0.0,2.0,2.0,0.49235853482947867,0.0,1.8189536935270394,0.0,0.0,0.0,0.0,0.0,2.0,ioc_activity,1,-0.6019276289803938,-1.8966687756962257,1.3489815189531904,0,0,0,0,0
1.0,0.0,1.0,0.0,0.0,0.1667,0.0,1.0,0.0,1.0,0.0,0.0,0.0,0.0,0.0,0.0,normal,0,-0.3319353827068685,-1.0,0.0,0,0,0,0,0
1.0,1.0,1.0,1.0,1.0,0.1667,0.1667,1.0,1.0,1.0,0.0,1.0,0.0,0.0,0.0,0.0,normal,0,-0.5494655425115519,-1253399033.1160362,0.6744907594765952,0,0,0,0,0
0.0,1.0,0.0,1.0,1.0,0.0,0.1667,0.0,1.0,0.0,0.0,1.0,0.0,0.0,0.0,0.0,normal,0,-0.472756207647273,-0.9935975672453746,0.6744907594765952,0,0,0,0,0
1.0,0.0,1.0,0.0,0.0,0.1667,0.0,1.0,0.0,1.0,0.0,0.0,0.0,0.0,0.0,0.0,normal,0,-0.3319353827068685,-1.0,0.0,0,0,0,0,0
34.66003226257432,10.48538513345017,5.417619412272085,7.4580427943289616,2.1426192094298235,2.5,1.5512353237728722,0.8,0.6467541578210851,0.8756854849940855,0.8,0.6594557367100365,0.0,0.0,0.0,0.0,process_burst,1,-0.7754693546719676,-5.451864600599894,6.0,1,0,1,2,1
3.239025230363625,0.0,5.0,0.0,0.0,2.0,0.0,1.0310918785440004,0.0,6.0,0.0,0.0,0.0,0.0,0.0,0.0,collection,1,-0.6150726982179969,-1.455641168606082,2.6495931958549273,0,0,0,0,0
1.0,0.0,1.0,0.0,0.0,0.1667,0.0,1.0,0.0,1.0,1.0,0.0,0.0,0.0,0.0,0.0,normal,0,-0.4125446668335731,-1.0,0.6744907594765952,0,0,0,0,0
4.104729606218124,0.0,2.0553870111058963,7.0,3.0,0.6596853495239599,0.0,0.49676524524502125,0.9,4.237257383842153,0.4760703781335945,0.9,0.0,0.0,0.0,0.0,discovery,1,-0.6584512137387675,-2.550810664897658,4.721435316336167,0,0,0,0,0
2.415012171624333,0.0,0.9960160150389086,0.0,0.0,2.0,2.0,1.0106397263075575,0.0,1.0038452208576594,0.0,0.0,0.0,0.0,0.0,2.0,ioc_activity,1,-0.5596391933961307,-18057035088.82232,1.3489815189531904,0,1,0,1,0
9.0,10.0,2.0,7.0,2.0,1.5,1.6667,0.2222,0.7,0.9,0.1111,0.6,0.0,0.0,0.0,0.0,normal,0,-0.742211587400296,-3.432792839122066,5.1619634425400625,1,0,0,1,0
1.0057083457884906,0.0,0.9606404153269184,7.0,3.0,0.18287145686867382,0.0,1.0596896689656117,0.9,0.9641700148134376,1.009456568240975,0.9,0.0,0.0,0.0,0.0,discovery,1,-0.637915962666503,-2.769411092610088,4.721435316336167,0,0,0,0,0
19.5513667806546,0.0,2.7064365869854057,0.0,0.0,2.5,0.0,0.8,0.0,5.055969428028448,0.8,0.0,0.0,0.0,0.0,0.0,process_burst,1,-0.6307564280178518,-2.957611570500545,5.372207463732498,0,0,0,0,0
20.219409877565933,0.0,3.1978738458794482,0.0,0.0,2.5,0.0,0.8,0.0,5.436043570048964,0.8,0.0,0.0,0.0,0.0,0.0,process_burst,1,-0.635064824991227,-3.0668168916936738,5.5656630809792285,0,0,0,0,0
1.0,0.0,1.0,0.0,0.0,0.1667,0.0,1.0,0.0,1.0,1.0,0.0,0.0,0.0,0.0,0.0,normal,0,-0.4125446668335731,-1.0,0.6744907594765952,0,0,0,0,0
0.0,5.454137694851134,0.0,7.0,3.0,0.0,0.3556116129040336,0.0,1.0069796305951741,0.0,0.0,0.9,0.0,0.0,0.0,0.0,discovery,1,-0.675663588162163,-2.532291596479904,4.721435316336167,0,0,0,0,0
1.0,0.0,1.0,0.0,0.0,0.1667,0.0,1.0,0.0,1.0,0.0,0.0,0.0,0.0,0.0,0.0,normal,0,-0.3319353827068685,-1.0,0.0,0,0,0,0,0
27.635415086989646,2.0713242433606833,5.0,1.0033149009686024,1.0207889329957254,2.0,0.30271992714688745,0.7,0.5154995924201464,6.0,0.10034114797420844,0.5057583496826383,0.0,0.0,0.0,0.0,collection,1,-0.6880775828483389,-4.193571801979176,6.0,0,0,1,1,0
1.0484635898835954,0.0,1.030687841801899,5.0,2.0,0.16078189485460329,2.5,1.0748628730581615,0.7,1.012297878882877,0.0,0.8,0.0,0.0,0.0,0.0,network_burst,1,-0.6417559794787657,-2.1631225092324105,3.3724537973829762,0,0,0,0,0
2.0,0.0,1.0,0.0,0.0,0.3333,0.0,0.5,0.0,2.0,0.0,0.0,0.0,0.0,0.0,0.0,normal,0,-0.4662252644366985,-5424859792.896738,0.3372453797382976,0,0,0,0,0
0.9383842322822171,0.0,1.0623976403021091,7.0,3.0,0.15469944719234763,0.0,1.0628947752061868,0.9,0.9552414726913132,1.0929037772278405,0.9,0.0,0.0,0.0,0.0,discovery,1,-0.6376257010570088,-2.775062478085571,4.721435316336167,0,0,0,0,0
2.4568711624928286,0.0,0.9580618513415341,0.0,0.0,2.0,2.0,0.9565959081722626,0.0,1.028545062936012,0.0,0.0,0.0,0.0,0.0,2.0,ioc_activity,1,-0.5642769606947453,-18102419080.041584,1.3489815189531904,0,1,0,1,0
5.0,2.0,1.0,1.0,1.0,0.8333,0.3333,0.2,0.5,2.5,0.0,0.5,0.0,0.0,0.0,0.0,normal,0,-0.5840823272882723,-1.35063424707679,1.1583421377522751,0,0,0,0,0
0.9343920703874046,0.0,0.993991188057468,5.0,2.0,0.15201328631739255,2.5,1.0171542650309446,0.7,1.0359054018417917,0.0,0.8,0.0,0.0,0.0,0.0,network_burst,1,-0.6426005476306759,-2.156424588668208,3.3724537973829762,0,0,0,0,0
2.3292650145597293,0.0,1.0758933711179754,0.0,0.0,2.0,2.0,1.0358901666591884,0.0,0.9839621122111571,0.0,0.0,0.0,0.0,0.0,2.0,ioc_activity,1,-0.5591102191251272,-17946070645.61933,1.3489815189531904,0,1,0,1,0
1.072827365838545,0.0,0.9695801551513185,7.0,3.0,0.1646276377996324,0.0,0.9756619644746831,0.9,1.0080953384341511,0.0,0.9,0.0,0.0,0.0,0.0,discovery,1,-0.610324726918215,-2.751732599618002,4.721435316336167,0,0,0,0,0
16.3180249328667,2.149824816334986,8.453582398286233,0.962064734580019,1.0554809676482355,2.5,0.3333494074722481,0.8,0.4513936287708202,1.8918624119995422,0.8,0.5177658673612858,0.0,0.0,0.0,0.0,process_burst,1,-0.7133063673181962,-2.7836844358719652,4.937240301810814,1,0,0,1,0
1.0,2.0,1.0,2.0,2.0,0.1667,0.3333,1.0,1.0,0.5,1.0,1.0,0.0,0.0,0.0,0.0,normal,0,-0.6390209581847555,-1.1534788987751563,1.3489815189531904,0,0,0,0,0
11.79217978653566,0.0,5.0,0.0,0.0,2.0,0.0,0.9284207851703286,0.0,6.0,1.0636454705254514,0.0,0.0,0.0,0.0,0.0,collection,1,-0.6403010074571728,-1.822995328593058,3.1252591512356522,0,0,0,0,0
1.0,0.0,1.0,0.0,0.0,0.1667,0.0,1.0,0.0,1.0,0.0,0.0,0.0,0.0,0.0,0.0,normal,0,-0.3319353827068685,-1.0,0.0,0,0,0,0,0
1.0,0.0,1.0,0.0,0.0,0.1667,0.0,1.0,0.0,1.0,0.0,0.0,0.0,0.0,0.0,0.0,normal,0,-0.3319353827068685,-1.0,0.0,0,0,0,0,0
1.0,0.0,1.0,0.0,0.0,0.1667,0.0,1.0,0.0,1.0,1.0,0.0,0.0,0.0,0.0,0.0,normal,0,-0.4125446668335731,-1.0,0.6744907594765952,0,0,0,0,0
2.4055319175522953,0.0,0.9266991670183703,0.0,0.0,2.0,2.0,1.0060690035221704,0.0,1.0336988580648703,0.0,0.0,0.0,0.0,0.0,2.0,ioc_activity,1,-0.5594747380746894,-18054451581.846645,1.3489815189531904,0,1,0,1,0
1.0,1.0,1.0,1.0,1.0,0.1667,0.1667,1.0,1.0,1.0,0.0,0.0,0.0,0.0,0.0,0.0,normal,0,-0.5596790584873719,-13894062256.362135,0.6744907594765952,0,1,0,1,0
5.0,0.0,1.0,0.0,0.0,0.8333,0.0,0.2,0.0,5.0,0.0,0.0,0.0,0.0,0.0,0.0,normal,0,-0.4975451365311948,-1.1685053481291103,1.2236324794299738,0,0,0,0,0
0.0,1.0,0.0,1.0,1.0,0.0,0.1667,0.0,1.0,0.0,0.0,1.0,0.0,0.0,0.0,0.0,normal,0,-0.472756207647273,-0.9935975672453746,0.6744907594765952,0,0,0,0,0
1.0,0.0,1.0,0.0,0.0,0.1667,0.0,1.0,0.0,1.0,0.0,0.0,0.0,0.0,0.0,0.0,normal,0,-0.3319353827068685,-1.0,0.0,0,0,0,0,0
6.000251579176022,0.0,4.279784153120982,7.0,3.0,0.957378482712691,0.0,0.6350812634301853,0.9,6.592227027775012,0.5490278087092755,0.9,0.0,0.0,0.0,0.0,discovery,1,-0.687178172502267,-2.185706048038778,4.721435316336167,0,0,0,0,0
3.6246542676543516,0.0,2.828750803691718,0.0,0.0,2.5,0.0,0.9562767784043994,0.0,1.032383302945379,0.8,0.0,0.0,0.0,0.0,0.0,process_burst,1,-0.570497350394177,-1.730657224741203,1.5737892890867395,0,0,0,0,0
3.709926344030242,0.0,3.180530505651058,0.0,0.0,2.5,0.0,0.9506766707678375,0.0,0.9190098395128803,1.0232331400048242,0.0,0.0,0.0,0.0,0.0,process_burst,1,-0.5791747681396032,-1.672668607182492,1.5737892890867395,0,0,0,0,0
5.0,0.0,1.0,0.0,0.0,0.8333,0.0,0.2,0.0,5.0,0.2,0.0,0.0,0.0,0.0,0.0,normal,0,-0.536219682492224,-1.165407098967726,1.2236324794299738,0,0,0,0,0
0.0,2.978205428808901,0.0,7.0,3.0,0.0,0.17065795070417583,0.0,0.9923454394369019,0.0,0.0,0.9279247308358242,0.0,0.0,0.0,0.0,discovery,1,-0.6468895605813243,-2.3737961531796232,4.721435316336167,0,0,0,0,0
2.0,0.0,2.0,0.0,0.0,0.3333,0.0,1.0,0.0,2.0,0.5,0.0,0.0,0.0,0.0,0.0,normal,0,-0.4501907853054212,-1.0360887633845515,0.6623982989637318,0,0,0,0,0
0.0,34.92651404555046,0.0,5.0,2.1122324550106337,0.0,2.5,0.0,0.7,0.0,0.0,0.8,0.0,0.0,0.0,0.0,network_burst,1,-0.7123896687565474,-10.698690578564108,6.0,1,0,1,2,1
15.651170899321636,0.0,3.913633969489485,0.0,0.0,2.0,2.0,0.6860173811111462,0.0,6.08053123858655,0.49965588170436165,0.0,0.0,0.0,0.0,2.0,ioc_activity,1,-0.6622235545111216,-2.3671785962799476,4.242767155023537,0,0,0,0,0
5.0,1.0,3.0,1.0,1.0,0.8333,0.1667,0.6,1.0,5.0,0.6,0.0,0.0,0.0,0.0,0.0,normal,0,-0.6105126174132515,-1.167300783594573,1.3247965979274636,0,0,0,0,0
3.197452550001542,2.052514366922434,5.0,1.0278425319873004,1.0380991102435626,2.0,0.36383645132684894,1.017120752293116,0.5281465839402422,6.0,0.0,0.5009734659876445,0.0,0.0,0.0,0.0,collection,1,-0.6645226791719684,-1.619739154876956,2.6495931958549273,0,0,0,0,0
1.0356188121759657,0.0,0.9080507479879848,5.0,2.0,0.1750222847548884,2.5,1.0062827623194488,0.7,0.9604960562275857,0.0,0.8,0.0,0.0,0.0,0.0,network_burst,1,-0.6431799870193522,-2.152829493582879,3.3724537973829762,0,0,0,0,0
6.186136669709718,0.0,6.0,6.0,2.0,2.5,2.5,1.04913500013206,0.0,2.1097671337795134,0.8,0.8,0.0,0.0,0.0,0.0,lateral_movement,1,-0.7417121886528485,-2.3705896202805934,4.046944556859572,1,0,0,1,0
0.9001136258517889,0.0,1.0538485162596443,7.0,3.0,0.16903323000582507,0.0,1.0882152569529395,0.9,1.0253278435394964,0.9652476724328114,0.9,0.0,0.0,0.0,0.0,discovery,1,-0.6382065695681679,-2.770891019079088,4.721435316336167,0,0,0,0,0
4.125015231461992,0.0,2.7032579004772206,0.0,0.0,2.5,0.0,1.0698817685846147,0.0,1.0601927707283354,0.8,0.0,0.0,0.0,0.0,0.0,process_burst,1,-0.5724061454996363,-1.6582193112400396,1.5737892890867395,0,0,0,0,0
1.0508543029875785,0.0,1.0052121053772043,5.0,2.0,0.16340817390596502,2.5,1.0897290997425282,0.7,1.0612381930889452,0.0,0.8,0.0,0.0,0.0,0.0,network_burst,1,-0.6414862665456604,-2.165441993031388,3.3724537973829762,0,0,0,0,0
1.0,0.0,1.0,0.0,0.0,0.1667,0.0,1.0,0.0,1.0,0.0,0.0,0.0,0.0,0.0,0.0,normal,0,-0.3319353827068685,-1.0,0.0,0,0,0,0,0
1.0,0.0,1.0,0.0,0.0,0.1667,0.0,1.0,0.0,1.0,0.0,0.0,0.0,0.0,0.0,0.0,normal,0,-0.3319353827068685,-1.0,0.0,0,0,0,0,0
1.0,0.0,1.0,0.0,0.0,0.1667,0.0,1.0,0.0,1.0,0.0,0.0,0.0,0.0,0.0,0.0,normal,0,-0.3319353827068685,-1.0,0.0,0,0,0,0,0
42.1012123946653,1.022621883798828,5.4169496801721895,1.0855336804908444,0.9529148555642524,2.269780104195096,0.15363903637877172,0.7,0.954781233721209,13.598429998493186,0.318591791780834,0.9385883472986964,0.0,0.0,0.0,0.0,collection,1,-0.726747279975755,-7.1491840723791,6.0,1,0,1,2,1
2.0,0.0,1.0,0.0,0.0,0.3333,0.0,0.5,0.0,2.0,0.0,0.0,0.0,0.0,0.0,0.0,normal,0,-0.4662252644366985,-5424859792.896738,0.3372453797382976,0,0,0,0,0
2.7195554659482086,0.0,5.0,0.0,0.0,2.0,0.0,0.9396235482824182,0.0,6.0,0.0,0.0,0.0,0.0,0.0,0.0,collection,1,-0.610840058203829,-1.4907221756351987,2.6495931958549273,0,0,0,0,0
1.0,0.0,1.0,0.0,0.0,0.1667,0.0,1.0,0.0,1.0,1.0,0.0,0.0,0.0,0.0,0.0,normal,0,-0.4125446668335731,-1.0,0.6744907594765952,0,0,0,0,0
2.3775087313517136,0.0,1.0591590009610625,0.0,0.0,2.0,2.0,1.002151297349703,0.0,1.0434038945525779,0.0,0.0,0.0,0.0,0.0,2.0,ioc_activity,1,-0.5592608083665468,-17960870388.879963,1.3489815189531904,0,1,0,1,0
0.9390991654793175,0.0,0.9958834149611783,7.0,3.0,0.17304800116354682,0.0,0.9823686880601948,0.9,1.0846693935451626,0.0,0.9,0.0,0.0,0.0,0.0,discovery,1,-0.6106050046370634,-2.7523240821911474,4.721435316336167,0,0,0,0,0
4.0,0.0,4.0,0.0,0.0,0.6667,0.0,1.0,0.0,4.0,1.0,0.0,0.0,0.0,0.0,0.0,normal,0,-0.542285051766301,-1.2899514728851986,1.9871948968911954,0,0,0,0,0
1.0,0.0,1.0,0.0,0.0,0.1667,0.0,1.0,0.0,1.0,0.0,0.0,0.0,0.0,0.0,0.0,normal,0,-0.3319353827068685,-1.0,0.0,0,0,0,0,0
2.3389072320227715,0.0,0.9419521321226827,0.0,0.0,2.0,2.0,1.0918052768024886,0.0,1.0429833778529836,0.0,0.0,0.0,0.0,0.0,2.0,ioc_activity,1,-0.5581474101984664,-25967625429.556824,1.3489815189531904,0,1,0,1,0
0.0,1.0,0.0,1.0,1.0,0.0,0.1667,0.0,1.0,0.0,0.0,1.0,0.0,0.0,0.0,0.0,normal,0,-0.472756207647273,-0.9935975672453746,0.6744907594765952,0,0,0,0,0
1.0,0.0,1.0,0.0,0.0,0.1667,0.0,1.0,0.0,1.0,0.0,0.0,0.0,0.0,0.0,0.0,normal,0,-0.3319353827068685,-1.0,0.0,0,0,0,0,0
1.0,0.0,1.0,0.0,0.0,0.1667,0.0,1.0,0.0,1.0,0.0,0.0,0.0,0.0,0.0,0.0,normal,0,-0.3319353827068685,-1.0,0.0,0,0,0,0,0
2.0,0.0,2.0,0.0,0.0,0.3333,0.0,1.0,0.0,2.0,1.0,0.0,0.0,0.0,0.0,0.0,normal,0,-0.48484325770361536,-1.10262467932583,0.6744907594765952,0,0,0,0,0
16.177477472440845,0.0,9.7644630009958,0.0,0.0,2.5,0.0,0.8,0.0,4.170606557049359,0.8,0.0,0.0,0.0,0.0,0.0,process_burst,1,-0.6681845242670506,-2.7789009604831927,5.805565383190182,0,0,0,0,0
4.127988995389692,0.0,2.039770723431974,7.0,3.0,0.6400682567650845,0.0,0.48596662936666113,0.9,3.6367705994721122,0.48522124935651245,0.9,0.0,0.0,0.0,0.0,discovery,1,-0.6533370342310173,-2.7224403602023215,4.721435316336167,0,0,0,0,0
2.3175254023398875,0.0,1.0785412157421181,0.0,0.0,2.0,2.0,0.9848672857846024,0.0,1.0830793874179265,0.0,0.0,0.0,0.0,0.0,2.0,ioc_activity,1,-0.5618871175443102,-17857622591.59626,1.3489815189531904,0,1,0,1,0
1.0,0.0,1.0,0.0,0.0,0.1667,0.0,1.0,0.0,1.0,0.0,0.0,0.0,0.0,0.0,0.0,normal,0,-0.3319353827068685,-1.0,0.0,0,0,0,0,0
