process_execution_frequency,network_connection_frequency,unique_processes,unique_destinations,unique_destination_ports,process_burst,network_burst,process_diversity,destination_diversity,process_network_ratio,new_processes_ratio,new_destination_ratio,established_ratio,syn_sent_ratio,closed_ratio,ioc_matches,attack_type,label,v4_prediction,v4_isolation_prediction,v4_anomaly_score
1.0,0.0,1.0,0.0,0.0,0.1667,0.0,1.0,0.0,1.0,1.0,0.0,0.0,0.0,0.0,0.0,normal,0,0,1,0.21410149882703605
2.0,0.0,2.0,0.0,0.0,0.3333,0.0,1.0,0.0,2.0,0.5,0.0,0.0,0.0,0.0,0.0,normal,0,0,1,0.18255447259169622
1.0,0.0,1.0,0.0,0.0,0.1667,0.0,1.0,0.0,1.0,0.0,0.0,0.0,0.0,0.0,0.0,normal,0,0,1,0.2703048930477036
3.0714714518561843,0.0,2.109174955254114,5.0,2.0,0.5418793680902682,2.5,0.6804906167408051,0.7,2.91692164718352,0.3541752019923687,0.8,0.0,0.0,0.0,0.0,network_burst,1,1,-1,-0.007908838841236498
3.7598205213280464,0.0,3.129244277769481,0.0,0.0,2.5,0.0,0.9795156387649882,0.0,0.9977168090703068,0.8,0.0,0.0,0.0,0.0,0.0,process_burst,1,0,1,0.08167890528817412
3.0497869572393363,0.0,5.0,0.0,0.0,2.0,0.0,1.007501532507441,0.0,6.0,0.0,0.0,0.0,0.0,0.0,0.0,collection,1,0,1,0.03845929028916406
2.0,3.0,2.0,3.0,2.0,0.3333,0.5,1.0,1.0,0.6667,1.0,0.6667,0.0,0.0,0.0,0.0,normal,0,0,1,0.02375394253885721
1.0,0.0,1.0,0.0,0.0,0.1667,0.0,1.0,0.0,1.0,0.0,0.0,0.0,0.0,0.0,0.0,normal,0,0,1,0.2703048930477036
1.0,0.0,1.0,0.0,0.0,0.1667,0.0,1.0,0.0,1.0,0.0,0.0,0.0,0.0,0.0,0.0,normal,0,0,1,0.2703048930477036
4.0,1.0,2.0,1.0,1.0,0.6667,0.1667,0.5,1.0,4.0,0.25,1.0,0.0,0.0,0.0,0.0,normal,0,0,1,0.0778208957236789
1.0,0.0,1.0,0.0,0.0,0.1667,0.0,1.0,0.0,1.0,0.0,0.0,0.0,0.0,0.0,0.0,normal,0,0,1,0.2703048930477036
1.0,0.0,1.0,0.0,0.0,0.1667,0.0,1.0,0.0,1.0,0.0,0.0,0.0,0.0,0.0,0.0,normal,0,0,1,0.2703048930477036
0.0,2.7450103844109255,0.0,7.0,3.0,0.0,0.160439223859222,0.0,1.0466248949119092,0.0,0.0,0.9439159184404184,0.0,0.0,0.0,0.0,discovery,1,1,-1,-0.022682506980495565
2.0,0.0,2.0,0.0,0.0,0.3333,0.0,1.0,0.0,2.0,0.5,0.0,0.0,0.0,0.0,0.0,normal,0,0,1,0.18255447259169622
2.475368793909144,0.0,0.9929205174386072,0.0,0.0,2.0,2.0,0.9330157204175624,0.0,0.965383891038445,0.0,0.0,0.0,0.0,0.0,2.0,ioc_activity,1,0,1,0.08392244619949818
2.3494783557965975,0.0,1.0312095210122358,0.0,0.0,2.0,2.0,1.0389065582572763,0.0,0.931947693524542,0.0,0.0,0.0,0.0,0.0,2.0,ioc_activity,1,0,1,0.08533086948656077
1.0,0.0,1.0,0.0,0.0,0.1667,0.0,1.0,0.0,1.0,0.0,0.0,0.0,0.0,0.0,0.0,normal,0,0,1,0.2703048930477036
1.0,0.0,1.0,0.0,0.0,0.1667,0.0,1.0,0.0,1.0,0.0,0.0,0.0,0.0,0.0,0.0,normal,0,0,1,0.2703048930477036
2.864547321130862,0.0,6.0,6.0,2.0,2.5,2.5,0.9389675372962784,0.0,0.9967023282007362,0.8,0.8,0.0,0.0,0.0,0.0,lateral_movement,1,1,-1,-0.07014359267961112
9.0,2.0,2.0,1.0,1.0,1.5,0.3333,0.2222,0.5,4.5,0.1111,0.5,0.0,0.0,0.0,0.0,normal,0,0,1,0.02344135093121369
3.0,0.0,2.0,0.0,0.0,0.5,0.0,0.6667,0.0,3.0,0.6667,0.0,0.0,0.0,0.0,0.0,normal,0,0,1,0.13672011397514838
2.6087387929853283,0.0,1.0425772582864203,0.0,0.0,2.0,2.0,1.0698783103416878,0.0,0.9509544848195074,0.0,0.0,0.0,0.0,0.0,2.0,ioc_activity,1,0,1,0.08127004098058865
1.0,0.0,1.0,0.0,0.0,0.1667,0.0,1.0,0.0,1.0,0.0,0.0,0.0,0.0,0.0,0.0,normal,0,0,1,0.2703048930477036
1.0,0.0,1.0,0.0,0.0,0.1667,0.0,1.0,0.0,1.0,0.0,0.0,0.0,0.0,0.0,0.0,normal,0,0,1,0.2703048930477036
1.0,0.0,1.0,0.0,0.0,0.1667,0.0,1.0,0.0,1.0,0.0,0.0,0.0,0.0,0.0,0.0,normal,0,0,1,0.2703048930477036
0.9378726983345708,0.0,1.092874638978296,7.0,3.0,0.1736295154393442,0.0,1.0951795080735791,0.9,1.088676470255571,0.0,0.9,0.0,0.0,0.0,0.0,discovery,1,1,-1,-0.002571558984516664
0.9809988122991636,0.0,1.0948834246217694,7.0,3.0,0.179082778951952,0.0,0.9858052242714824,0.9,0.9071797772014718,0.0,0.9,0.0,0.0,0.0,0.0,discovery,1,1,-1,-0.0029609348943084868
1.0,0.0,1.0,0.0,0.0,0.1667,0.0,1.0,0.0,1.0,0.0,0.0,0.0,0.0,0.0,0.0,normal,0,0,1,0.2703048930477036
1.0,0.0,1.0,0.0,0.0,0.1667,0.0,1.0,0.0,1.0,0.0,0.0,0.0,0.0,0.0,0.0,normal,0,0,1,0.2703048930477036
0.0,2.391652919593413,0.0,0.955539586092642,0.973348619785992,2.0,2.0,0.0,1.0608583731753376,0.0,0.0,0.9162884962481636,0.0,0.0,0.0,2.0,ioc_activity,1,0,1,0.015929979451574705
1.0,0.0,1.0,0.0,0.0,0.1667,0.0,1.0,0.0,1.0,0.0,0.0,0.0,0.0,0.0,0.0,normal,0,0,1,0.2703048930477036
1.0,0.0,1.0,0.0,0.0,0.1667,0.0,1.0,0.0,1.0,1.0,0.0,0.0,0.0,0.0,0.0,normal,0,0,1,0.21410149882703605
1.0,0.0,1.0,0.0,0.0,0.1667,0.0,1.0,0.0,1.0,0.0,0.0,0.0,0.0,0.0,0.0,normal,0,0,1,0.2703048930477036
5.860742176172614,0.0,6.0,6.0,2.0,2.5,2.5,0.4557601050378975,0.0,2.0271245541417375,0.8,0.8,0.0,0.0,0.0,0.0,lateral_movement,1,1,-1,-0.07327568707233267
1.0,5.0,1.0,2.0,2.0,0.1667,0.8333,1.0,0.4,0.2,1.0,0.4,0.0,0.0,0.0,0.0,normal,0,1,-1,-0.005032050956112255
1.0,0.0,1.0,0.0,0.0,0.1667,0.0,1.0,0.0,1.0,0.0,0.0,0.0,0.0,0.0,0.0,normal,0,0,1,0.2703048930477036
2.77166906155722,0.0,5.0,0.0,0.0,2.0,0.0,0.9430262436156548,0.0,6.0,0.0,0.0,0.0,0.0,0.0,0.0,collection,1,0,1,0.04256073984941844
8.173879221158744,2.41206210730071,3.038283538810636,0.951477515138923,1.0240225257894682,2.0,2.0,0.940737869816036,0.9223042687942912,2.7719274803740044,1.0998080035011106,0.0,0.0,0.0,0.0,2.0,ioc_activity,1,1,-1,-0.029238575197903183
1.0,0.0,1.0,0.0,0.0,0.1667,0.0,1.0,0.0,1.0,0.0,0.0,0.0,0.0,0.0,0.0,normal,0,0,1,0.2703048930477036
2.7558655985151184,0.0,6.0,6.0,2.0,2.5,2.5,0.937332420739086,0.0,0.906587202939672,0.8,0.8,0.0,0.0,0.0,0.0,lateral_movement,1,1,-1,-0.06918929470157598
0.0,2.8636825980875016,0.0,7.0,3.0,0.0,0.1578981487357692,0.0,1.0860006694709436,0.0,0.0,1.0734344553213413,0.0,0.0,0.0,0.0,discovery,1,1,-1,-0.024474827594355264
0.9305754244252672,0.0,0.9682774134763455,5.0,2.0,0.1765171973967328,2.5,1.050167716948972,0.7,0.9423909222161084,0.0,0.8,0.0,0.0,0.0,0.0,network_burst,1,1,-1,-0.004296688755701883
3.245878545910527,0.0,5.0,0.0,0.0,2.0,0.0,0.918557090825348,0.0,6.0,0.0,0.0,0.0,0.0,0.0,0.0,collection,1,0,1,0.044931517540120924
13.08370126356068,0.0,6.0,6.0,2.0,2.5,2.5,0.7979716662278533,0.0,4.026686870011761,0.8,0.8,0.0,0.0,0.0,0.0,lateral_movement,1,1,-1,-0.08953323039911598
0.9323883140499264,0.0,1.0565810548343448,7.0,3.0,0.1784022439825391,0.0,0.9455322293598428,0.9,1.0734847078965168,0.0,0.9,0.0,0.0,0.0,0.0,discovery,1,1,-1,-0.0034549958491726374
1.0,0.0,1.0,0.0,0.0,0.1667,0.0,1.0,0.0,1.0,1.0,0.0,0.0,0.0,0.0,0.0,normal,0,0,1,0.21410149882703605
0.9437713217589264,0.0,1.0721139838588754,5.0,2.0,0.1612365731507693,2.5,1.067834773246865,0.7,1.0548671802366103,0.923140833461886,0.8,0.0,0.0,0.0,0.0,network_burst,1,1,-1,-0.015762975912549604
1.0,0.0,1.0,0.0,0.0,0.1667,0.0,1.0,0.0,1.0,0.0,0.0,0.0,0.0,0.0,0.0,normal,0,0,1,0.2703048930477036
4.0,0.0,4.0,0.0,0.0,0.6667,0.0,1.0,0.0,4.0,1.0,0.0,0.0,0.0,0.0,0.0,normal,0,0,1,0.1154193385654253
3.628847867421891,0.0,2.9844796050541023,0.0,0.0,2.5,0.0,1.029589696440242,0.0,0.9632428303648086,0.8,0.0,0.0,0.0,0.0,0.0,process_burst,1,0,1,0.0830385812779374
3.1497089865229624,8.760646918121955,6.0,6.0,2.1674658460245184,2.5,2.5,0.9195089413545966,1.0296896341175297,0.5282838155055785,1.022921243850485,0.9991069608305088,0.0,0.0,0.0,0.0,lateral_movement,1,1,-1,-0.08996772268462117
0.0,4.8215456822409,0.0,5.0,2.0,0.0,2.5,0.0,0.9192190465943764,0.0,0.0,0.913503696037483,0.0,0.0,0.0,0.0,network_burst,1,1,-1,-0.039725570407949995
2.8677817974615185,0.0,5.0,0.0,0.0,2.0,0.0,0.9496588495770586,0.0,6.0,1.0620605110546937,0.0,0.0,0.0,0.0,0.0,collection,1,0,1,0.04692613916603383
5.966573341224776,0.0,6.0,6.0,2.0,2.5,2.5,0.5082682461730759,0.0,2.095668928770689,0.8,0.8,0.0,0.0,0.0,0.0,lateral_movement,1,1,-1,-0.07306466157528846
4.2042641382357955,0.0,2.981596160514241,0.0,0.0,2.5,0.0,0.9465704569887412,0.0,0.9980395084803172,0.8,0.0,0.0,0.0,0.0,0.0,process_burst,1,0,1,0.08176030568283865
0.9069676700559832,0.0,1.0646254634832373,5.0,2.0,0.1787291044605086,2.5,1.007788353252837,0.7,0.9185512154848988,0.9788963035877508,0.8,0.0,0.0,0.0,0.0,network_burst,1,1,-1,-0.014922313687200983
1.0,0.0,1.0,0.0,0.0,0.1667,0.0,1.0,0.0,1.0,0.0,0.0,0.0,0.0,0.0,0.0,normal,0,0,1,0.2703048930477036
2.3194256933754147,0.0,1.006285634434414,0.0,0.0,2.0,2.0,0.9527099325353982,0.0,1.029820319837428,0.0,0.0,0.0,0.0,0.0,2.0,ioc_activity,1,0,1,0.08700859059208244
1.0,0.0,1.0,0.0,0.0,0.1667,0.0,1.0,0.0,1.0,0.0,0.0,0.0,0.0,0.0,0.0,normal,0,0,1,0.2703048930477036
2.3882860068284515,0.0,1.0631666710653211,0.0,0.0,2.0,2.0,0.97786680111833,0.0,1.0718356957393795,0.9594659052213064,0.0,0.0,0.0,0.0,2.0,ioc_activity,1,0,1,0.058223717018172305
3.0,1.0,1.0,1.0,1.0,0.5,0.1667,0.3333,1.0,3.0,0.0,1.0,0.0,0.0,0.0,0.0,normal,0,0,1,0.078798052089874
3.0378813261510658,0.0,6.0,6.0,2.0,2.5,2.5,0.9022373506173754,0.0,0.944496450425748,0.8,0.8,0.0,0.0,0.0,0.0,lateral_movement,1,1,-1,-0.06949254176777286
2.4639069046814708,0.0,1.0371660895247647,0.0,0.0,2.0,2.0,0.906216836001606,0.0,1.0089965879156997,0.9541482101327774,0.0,0.0,0.0,0.0,2.0,ioc_activity,1,0,1,0.055056919456087594
4.0,0.0,3.0,0.0,0.0,0.6667,0.0,0.75,0.0,4.0,0.5,0.0,0.0,0.0,0.0,0.0,normal,0,0,1,0.16392383378077352
1.0,0.0,1.0,0.0,0.0,0.1667,0.0,1.0,0.0,1.0,0.0,0.0,0.0,0.0,0.0,0.0,normal,0,0,1,0.2703048930477036
6.408835404640513,3.917242178263078,6.0,6.0,2.0,2.5,2.5,0.4570114432044184,1.0149641462480232,1.986909347156934,0.8,0.989455137381654,0.0,0.0,0.0,0.0,lateral_movement,1,1,-1,-0.08416924921047575
2.9616818535894636,0.0,5.0,0.0,0.0,2.0,0.0,0.9157486579765834,0.0,6.0,0.0,0.0,0.0,0.0,0.0,0.0,collection,1,0,1,0.044418272003551085
2.2804149337506807,0.0,0.9662553586839134,0.0,0.0,2.0,2.0,1.0516744553197086,0.0,1.05087221374633,0.0,0.0,0.0,0.0,0.0,2.0,ioc_activity,1,0,1,0.086028808046277
2.7859793035514944,0.0,6.0,6.0,2.0,2.5,2.5,0.9776107094604496,0.0,0.9188198613272448,0.9308607437445368,0.8,0.0,0.0,0.0,0.0,lateral_movement,1,1,-1,-0.06937972844369567
3.049036378775229,2.713034073422454,1.069758422627218,7.0,3.0,0.4944688028010746,0.1647946697178716,0.3047559975097206,1.0605504500424432,3.235831490851952,0.0,0.9357208351394236,0.0,0.0,0.0,0.0,discovery,1,1,-1,-0.040814634779829495
9.47173143785432,0.0,6.0,6.0,2.0,2.5,2.5,0.6313211998766489,0.0,3.1453995929123684,0.8,0.8,0.0,0.0,0.0,0.0,lateral_movement,1,1,-1,-0.08002372867476126
1.0,0.0,1.0,0.0,0.0,0.1667,0.0,1.0,0.0,1.0,0.0,0.0,0.0,0.0,0.0,0.0,normal,0,0,1,0.2703048930477036
3.0614501772920466,0.0,6.0,6.0,2.0,2.5,2.5,1.0412197164785522,0.0,0.9009969930588946,0.8,0.8,0.0,0.0,0.0,0.0,lateral_movement,1,1,-1,-0.06942852099510577
2.7937747931765853,0.0,5.0,0.0,0.0,2.0,0.0,0.91755187655431,0.0,6.0,1.0894986090089571,0.0,0.0,0.0,0.0,0.0,collection,1,0,1,0.0487869501680297
13.0,0.0,4.0,0.0,0.0,2.1667,0.0,0.3077,0.0,13.0,0.2308,0.0,0.0,0.0,0.0,0.0,normal,0,1,-1,-0.008214241739633033
0.0,5.475595645828401,0.0,5.0,2.0,0.0,2.5,0.0,1.013284130161929,0.0,0.0,1.0421065543485355,0.0,0.0,0.0,0.0,network_burst,1,1,-1,-0.045110735241043365
5.2513237757913025,0.0,1.0239429202429249,0.0,0.0,2.0,2.0,0.4947125550243837,0.0,1.9638009347457557,0.0,0.0,0.0,0.0,0.0,2.0,ioc_activity,1,0,1,0.05189122567062454
15.0,1.0,6.0,1.0,1.0,2.5,0.1667,0.4,1.0,15.0,0.3333,1.0,0.0,0.0,0.0,0.0,normal,0,1,-1,-0.08396585306222604
3.0,0.0,3.0,0.0,0.0,0.5,0.0,1.0,0.0,3.0,0.6667,0.0,0.0,0.0,0.0,0.0,normal,0,0,1,0.13811700803482085
1.0,0.0,1.0,0.0,0.0,0.1667,0.0,1.0,0.0,1.0,0.0,0.0,0.0,0.0,0.0,0.0,normal,0,0,1,0.2703048930477036
0.920221233187117,0.0,0.9963527102724344,7.0,3.0,0.1702744290926723,0.0,0.9739968735694396,0.9,0.9236798166357336,1.0589501116835145,0.9,0.0,0.0,0.0,0.0,discovery,1,1,-1,-0.010559092785345281
0.9134333337695534,0.0,0.9035337561999824,5.0,2.0,0.1614753706957127,2.5,1.0918418545689152,0.7,1.0081713273889903,0.9569081750223652,0.8,0.0,0.0,0.0,0.0,network_burst,1,1,-1,-0.017476911984359744
1.0239337051939723,0.0,1.096164229106607,5.0,2.0,0.1763932040496924,2.5,1.0769698119012725,0.7,0.9223689604761356,0.0,0.8,0.0,0.0,0.0,0.0,network_burst,1,1,-1,-0.0030561197723799616
5.542828979978602,3.795812034844888,6.0,6.0,2.0,2.5,2.5,1.0746479872707762,1.0387010848712122,1.8159785862470503,0.8,1.0117348592950113,0.0,0.0,0.0,0.0,lateral_movement,1,1,-1,-0.08384444450918849
1.0,0.0,1.0,0.0,0.0,0.1667,0.0,1.0,0.0,1.0,1.0,0.0,0.0,0.0,0.0,0.0,normal,0,0,1,0.21410149882703605
2.812015270968759,0.0,6.0,6.0,2.0,2.5,2.5,1.0264892469381572,0.0,1.034665661480391,0.8,0.8,0.0,0.0,0.0,0.0,lateral_movement,1,1,-1,-0.06979721207493894
1.0855941216331648,0.0,1.0057315076216582,7.0,3.0,0.152425490185111,0.0,0.9963183178412088,0.9,0.9987013160872684,0.0,0.9,0.0,0.0,0.0,0.0,discovery,1,0,1,0.0001646607589977922
1.091866469527122,0.0,0.9991013113257238,5.0,2.0,0.1598577634788152,2.5,1.075342159452924,0.7,1.096913721650151,0.0,0.8,0.0,0.0,0.0,0.0,network_burst,1,1,-1,-0.0037368374254784786
3.0,7.0,2.0,5.0,3.0,0.5,1.1667,0.6667,0.7143,0.4286,0.6667,0.7143,0.0,0.0,0.0,0.0,normal,0,1,-1,-0.022212631937005622
1.0,1.0,1.0,1.0,1.0,0.1667,0.1667,1.0,1.0,1.0,0.0,0.0,0.0,0.0,0.0,0.0,normal,0,0,1,0.12228235820457856
4.064848911760317,0.0,3.05454929488885,0.0,0.0,2.5,0.0,0.9165459999844876,0.0,0.9981413988709044,0.8,0.0,0.0,0.0,0.0,0.0,process_burst,1,0,1,0.08360442902852261
1.0,0.0,1.0,0.0,0.0,0.1667,0.0,1.0,0.0,1.0,0.0,0.0,0.0,0.0,0.0,0.0,normal,0,0,1,0.2703048930477036
7.626341308001354,0.0,2.9867263644142477,0.0,0.0,2.5,0.0,0.8,0.0,2.074297338182378,0.8,0.0,0.0,0.0,0.0,0.0,process_burst,1,0,1,0.047559068210038746
2.0,7.0,1.0,4.0,2.0,0.3333,1.1667,0.5,0.5714,0.2857,0.0,0.4286,0.0,0.0,0.0,0.0,normal,0,0,1,0.004117132600455431
11.0,0.0,4.0,0.0,0.0,1.8333,0.0,0.3636,0.0,11.0,0.2727,0.0,0.0,0.0,0.0,0.0,normal,0,0,1,0.029275591622556885
10.968560090128088,0.0,6.0,6.0,2.0,2.5,2.5,0.7822386454344287,0.0,4.152517658484123,0.8,0.8,0.0,0.0,0.0,0.0,lateral_movement,1,1,-1,-0.08513066908823386
1.0,0.0,1.0,0.0,0.0,0.1667,0.0,1.0,0.0,1.0,0.0,0.0,0.0,0.0,0.0,0.0,normal,0,0,1,0.2703048930477036
10.336887141411548,10.121305681458336,1.0770325753267682,3.1034637433300745,1.0285459461582191,2.0,2.0,0.27325710585287,0.764828755515053,0.9831366818292858,0.0,0.6842717941607573,0.0,0.0,0.0,2.0,ioc_activity,1,1,-1,-0.03465139947344076
1.0,0.0,1.0,0.0,0.0,0.1667,0.0,1.0,0.0,1.0,0.0,0.0,0.0,0.0,0.0,0.0,normal,0,0,1,0.2703048930477036
19.271964387808197,0.0,9.675008896022296,0.0,0.0,2.5,0.0,0.8,0.0,4.916262425703192,0.8,0.0,0.0,0.0,0.0,0.0,process_burst,1,1,-1,-0.030765290364450748
2.0,0.0,2.0,0.0,0.0,0.3333,0.0,1.0,0.0,2.0,0.5,0.0,0.0,0.0,0.0,0.0,normal,0,0,1,0.18255447259169622
2.2577903500212626,0.0,0.9624775624404076,0.0,0.0,2.0,2.0,1.0259170832945192,0.0,1.059633658279462,0.0,0.0,0.0,0.0,0.0,2.0,ioc_activity,1,0,1,0.086028808046277
8.0,0.0,3.0,0.0,0.0,1.3333,0.0,0.375,0.0,8.0,0.0,0.0,0.0,0.0,0.0,0.0,normal,0,0,1,0.04022659381203775
1.0,0.0,1.0,0.0,0.0,0.1667,0.0,1.0,0.0,1.0,1.0,0.0,0.0,0.0,0.0,0.0,normal,0,0,1,0.21410149882703605
3.210157431081588,0.0,6.0,6.0,2.0,2.5,2.5,0.9339881182722136,0.0,0.9390839176821244,1.0918758544630462,0.8,0.0,0.0,0.0,0.0,lateral_movement,1,1,-1,-0.07036174465629663
2.0,2.0,2.0,2.0,1.0,0.3333,0.3333,1.0,1.0,1.0,1.0,1.0,0.0,0.0,0.0,0.0,normal,0,0,1,0.05231404617076252
11.2089396219807,0.0,6.0,6.0,2.0,2.5,2.5,0.7089596310617001,0.0,4.392697982401764,0.8,0.8,0.0,0.0,0.0,0.0,lateral_movement,1,1,-1,-0.08479119758635978
0.0,1.0,0.0,1.0,1.0,0.0,0.1667,0.0,1.0,0.0,0.0,1.0,0.0,0.0,0.0,0.0,normal,0,0,1,0.15987188381920298
0.0,1.0,0.0,1.0,1.0,0.0,0.1667,0.0,1.0,0.0,0.0,0.0,0.0,0.0,0.0,0.0,normal,0,0,1,0.09143583567423996
1.0,2.0,1.0,1.0,1.0,0.1667,0.3333,1.0,0.5,0.5,0.0,0.5,0.0,0.0,0.0,0.0,normal,0,0,1,0.10733579004144633
1.0,0.0,1.0,0.0,0.0,0.1667,0.0,1.0,0.0,1.0,1.0,0.0,0.0,0.0,0.0,0.0,normal,0,0,1,0.21410149882703605
0.0,1.0,0.0,1.0,1.0,0.0,0.1667,0.0,1.0,0.0,0.0,1.0,0.0,0.0,0.0,0.0,normal,0,0,1,0.15987188381920298
1.0,0.0,1.0,0.0,0.0,0.1667,0.0,1.0,0.0,1.0,0.0,0.0,0.0,0.0,0.0,0.0,normal,0,0,1,0.2703048930477036
1.0,0.0,1.0,0.0,0.0,0.1667,0.0,1.0,0.0,1.0,1.0,0.0,0.0,0.0,0.0,0.0,normal,0,0,1,0.21410149882703605
3.030143815144955,3.1230169179145157,2.7419589788861165,7.0,3.0,0.5247990128952448,0.1772045370279332,0.9896481266341216,1.064111416527972,2.844451842728562,0.6481404802594115,0.9352711152835604,0.0,0.0,0.0,0.0,discovery,1,1,-1,-0.034249050538850745
1.0,0.0,1.0,0.0,0.0,0.1667,0.0,1.0,0.0,1.0,0.0,0.0,0.0,0.0,0.0,0.0,normal,0,0,1,0.2703048930477036
0.0,2.0,0.0,1.0,1.0,0.0,0.3333,0.0,0.5,0.0,0.0,0.5,0.0,0.0,0.0,0.0,normal,0,0,1,0.09157729748884369
4.163870658434545,23.918104269464564,2.9738423147411073,7.0,3.0,0.652233522270202,1.2239035977120838,0.6866154127890658,0.9,0.4946072892920226,0.543068448854462,0.9,0.0,0.0,0.0,0.0,discovery,1,1,-1,-0.06942629782419485
0.0,2.378337946071084,0.0,0.9147424138223303,1.0531478215030123,2.0,2.0,0.0,1.08302768074902,0.0,0.0,0.996842702856013,0.0,0.0,0.0,2.0,ioc_activity,1,0,1,0.01680678524635737
1.0,0.0,1.0,0.0,0.0,0.1667,0.0,1.0,0.0,1.0,0.0,0.0,0.0,0.0,0.0,0.0,normal,0,0,1,0.2703048930477036
16.127215457889626,4.389555664963116,6.0,6.0,2.0,2.5,2.5,0.6444880047981437,1.037750442551984,5.032740427337878,0.8,0.8,0.0,0.0,0.0,0.0,lateral_movement,1,1,-1,-0.09490116500838819
1.0,0.0,1.0,0.0,0.0,0.1667,0.0,1.0,0.0,1.0,0.0,0.0,0.0,0.0,0.0,0.0,normal,0,0,1,0.2703048930477036
1.0423116083193555,0.0,0.9094748040010964,5.0,2.0,0.1503387211259162,2.5,0.906256702580329,0.7,1.0240298573256592,0.9483277817478172,0.8,0.0,0.0,0.0,0.0,network_burst,1,1,-1,-0.02058582129792208
14.534493778196511,0.0,5.0,0.0,0.0,2.0,0.0,0.7,0.0,6.0,0.0,0.0,0.0,0.0,0.0,0.0,collection,1,0,1,0.016590974494986255
16.428720357379472,0.0,8.352611274715041,0.0,0.0,2.5,0.0,0.8,0.0,4.22781075940175,0.8,0.0,0.0,0.0,0.0,0.0,process_burst,1,1,-1,-0.0198340509311572
4.189364550785776,0.0,3.252634318377115,0.0,0.0,2.5,0.0,1.0674764724690138,0.0,0.9231713448670535,0.8,0.0,0.0,0.0,0.0,0.0,process_burst,1,0,1,0.07758594850186873
1.0,0.0,1.0,0.0,0.0,0.1667,0.0,1.0,0.0,1.0,0.0,0.0,0.0,0.0,0.0,0.0,normal,0,0,1,0.2703048930477036
7.680047314067506,2.6433933560112544,2.7343817727243156,1.070056737031077,1.072153538990921,2.0,2.0,0.98052260634069,0.9308381764379264,3.017197451137866,0.9172719349003192,0.0,0.0,0.0,0.0,2.0,ioc_activity,1,1,-1,-0.029931521357143276
1.0,0.0,1.0,0.0,0.0,0.1667,0.0,1.0,0.0,1.0,0.0,0.0,0.0,0.0,0.0,0.0,normal,0,0,1,0.2703048930477036
1.0,0.0,1.0,0.0,0.0,0.1667,0.0,1.0,0.0,1.0,0.0,0.0,0.0,0.0,0.0,0.0,normal,0,0,1,0.2703048930477036
1.0,0.0,1.0,0.0,0.0,0.1667,0.0,1.0,0.0,1.0,1.0,0.0,0.0,0.0,0.0,0.0,normal,0,0,1,0.21410149882703605
1.0,0.0,1.0,0.0,0.0,0.1667,0.0,1.0,0.0,1.0,0.0,0.0,0.0,0.0,0.0,0.0,normal,0,0,1,0.2703048930477036
4.0,4.0,1.0,3.0,1.0,0.6667,0.6667,0.25,0.75,1.0,0.0,0.75,0.0,0.0,0.0,0.0,normal,0,0,1,0.04563123268394942
2.351338893933859,0.0,1.009795613305892,0.0,0.0,2.0,2.0,1.039726713737336,0.0,0.9056687541142796,0.0,0.0,0.0,0.0,0.0,2.0,ioc_activity,1,0,1,0.08607899241618944
2.728350203313891,0.0,5.0,0.0,0.0,2.0,0.0,1.0512150564856475,0.0,6.0,1.019037870425085,0.0,0.0,0.0,0.0,0.0,collection,1,0,1,0.04565073489596827
0.0,3.0,0.0,2.0,2.0,0.0,0.5,0.0,0.6667,0.0,0.0,0.3333,0.0,0.0,0.0,0.0,normal,0,0,1,0.024033650822569474
1.0,1.0,1.0,1.0,1.0,0.1667,0.1667,1.0,1.0,1.0,0.0,0.0,0.0,0.0,0.0,0.0,normal,0,0,1,0.12228235820457856
1.0,0.0,1.0,0.0,0.0,0.1667,0.0,1.0,0.0,1.0,0.0,0.0,0.0,0.0,0.0,0.0,normal,0,0,1,0.2703048930477036
1.0,0.0,1.0,0.0,0.0,0.1667,0.0,1.0,0.0,1.0,1.0,0.0,0.0,0.0,0.0,0.0,normal,0,0,1,0.21410149882703605
11.679794552397722,0.0,5.0,0.0,0.0,2.0,0.0,0.7,0.0,6.0,0.0,0.0,0.0,0.0,0.0,0.0,collection,1,0,1,0.02817284506777651
4.326864552566086,0.0,2.859521976875712,0.0,0.0,2.5,0.0,0.9544483123690318,0.0,1.0805204793087684,0.9911552579667222,0.0,0.0,0.0,0.0,0.0,process_burst,1,0,1,0.0740016185916812
1.0,0.0,1.0,0.0,0.0,0.1667,0.0,1.0,0.0,1.0,0.0,0.0,0.0,0.0,0.0,0.0,normal,0,0,1,0.2703048930477036
0.0,5.412671835255537,0.0,5.0,2.0,0.0,2.5,0.0,0.9961215261884614,0.0,0.0,1.028963838871858,0.0,0.0,0.0,0.0,network_burst,1,1,-1,-0.045593827276192544
1.0,0.0,1.0,0.0,0.0,0.1667,0.0,1.0,0.0,1.0,0.0,0.0,0.0,0.0,0.0,0.0,normal,0,0,1,0.2703048930477036
1.0,0.0,1.0,0.0,0.0,0.1667,0.0,1.0,0.0,1.0,1.0,0.0,0.0,0.0,0.0,0.0,normal,0,0,1,0.21410149882703605
1.0,0.0,1.0,0.0,0.0,0.1667,0.0,1.0,0.0,1.0,0.0,0.0,0.0,0.0,0.0,0.0,normal,0,0,1,0.2703048930477036
0.0,3.99118041227542,6.0,6.0,2.0,2.5,2.5,0.0,0.9158633798362896,0.0,0.8,0.9954165732494752,0.0,0.0,0.0,0.0,lateral_movement,1,1,-1,-0.08646126267619114
0.0,2.0,0.0,2.0,1.0,0.0,0.3333,0.0,1.0,0.0,0.0,0.0,0.0,0.0,0.0,0.0,normal,0,0,1,0.07159275543454269
0.0,1.0598489433024134,0.0,1.0199186883045226,1.0862472471380205,2.5,0.1539342328871097,0.8,1.0315726570081056,0.0,0.8,1.0342462826617187,0.0,0.0,0.0,0.0,process_burst,1,0,1,0.02768942440704736
31.3826552597363,0.0,4.153503727733559,0.0,0.0,2.0,2.0,0.325071752652409,0.0,14.045988332786871,0.2086636481018694,0.0,0.0,0.0,0.0,2.0,ioc_activity,1,1,-1,-0.04793099807178369
1.0,0.0,1.0,0.0,0.0,0.1667,0.0,1.0,0.0,1.0,0.0,0.0,0.0,0.0,0.0,0.0,normal,0,0,1,0.2703048930477036
1.0,0.0,1.0,0.0,0.0,0.1667,0.0,1.0,0.0,1.0,0.0,0.0,0.0,0.0,0.0,0.0,normal,0,0,1,0.2703048930477036
28.0,2.0,25.0,1.0,1.0,4.6667,0.3333,0.8929,0.5,14.0,0.8571,0.5,0.0,0.0,0.0,0.0,normal,0,1,-1,-0.16296245988240654
3.0,0.0,2.0,0.0,0.0,0.5,0.0,0.6667,0.0,3.0,0.3333,0.0,0.0,0.0,0.0,0.0,normal,0,0,1,0.15497151704205742
3.7169385953541583,0.0,2.886200804354445,0.0,0.0,2.5,0.0,0.9307226790384118,0.0,0.904229603267288,0.8,0.0,0.0,0.0,0.0,0.0,process_burst,1,0,1,0.08632869548373123
11.608626558955176,0.0,4.16936465673551,7.0,3.0,1.8712148283724064,0.0,0.3303343681792736,0.9,10.900767683811804,0.2680057596012379,0.9,0.0,0.0,0.0,0.0,discovery,1,1,-1,-0.073139262382936
0.0,3.9083313851531374,6.0,6.0,2.0,2.5,2.5,0.0,1.025353212865432,0.0,0.8,1.0540790766362655,0.0,0.0,0.0,0.0,lateral_movement,1,1,-1,-0.0888465648128266
0.0,4.918656087314802,0.0,5.0,2.0,0.0,2.5,0.0,0.9629499237128762,0.0,0.0,0.8,0.0,0.0,0.0,0.0,network_burst,1,1,-1,-0.04151318287949568
2.8198769583948797,0.0,5.0,0.0,0.0,2.0,0.0,0.907904723738046,0.0,6.0,0.0,0.0,0.0,0.0,0.0,0.0,collection,1,0,1,0.045902675597461196
7.012507812451895,0.0,4.9193009879278105,5.0,2.0,1.1452692769650248,2.5,0.6608427906360931,0.7,7.234485892405462,0.7365172640996885,0.8,0.0,0.0,0.0,0.0,network_burst,1,1,-1,-0.047346047681867565
2.81425170279981,0.0,6.0,6.0,2.0,2.5,2.5,1.0802210626301354,0.0,0.9085915254751288,0.8,0.8,0.0,0.0,0.0,0.0,lateral_movement,1,1,-1,-0.06909474671975646
2.0,0.0,2.0,0.0,0.0,0.3333,0.0,1.0,0.0,2.0,1.0,0.0,0.0,0.0,0.0,0.0,normal,0,0,1,0.15801660342457774
2.8542902844184663,0.0,6.0,6.0,2.0,2.5,2.5,1.030162453008807,0.0,1.0861188541753808,1.001144939890825,0.8,0.0,0.0,0.0,0.0,lateral_movement,1,1,-1,-0.07118171526844008
0.0,2.3739508449155915,0.0,1.0123881847202356,0.9657571195620208,2.0,2.0,0.0,0.9528067404551228,0.0,0.0,0.9728723152951224,0.0,0.0,0.0,2.0,ioc_activity,1,0,1,0.019772418505883294
4.33987349521445,0.0,3.2061449709586514,0.0,0.0,2.5,0.0,1.0284966551991097,0.0,0.9269104416826296,0.8,0.0,0.0,0.0,0.0,0.0,process_burst,1,0,1,0.07732688575283575
2.7880459399245914,0.0,5.0,0.0,0.0,2.0,0.0,0.9959597005510308,0.0,6.0,0.9261842624293,0.0,0.0,0.0,0.0,0.0,collection,1,0,1,0.047619123068878055
2.0,0.0,1.0,0.0,0.0,0.3333,0.0,0.5,0.0,2.0,0.0,0.0,0.0,0.0,0.0,0.0,normal,0,0,1,0.18355525339834783
3.031351872206406,0.0,5.0,0.0,0.0,2.0,0.0,1.0658300980691502,0.0,6.0,0.0,0.0,0.0,0.0,0.0,0.0,collection,1,0,1,0.03845696008009969
0.0,1.0,0.0,1.0,1.0,0.0,0.1667,0.0,1.0,0.0,0.0,1.0,0.0,0.0,0.0,0.0,normal,0,0,1,0.15987188381920298
2.5691435119562716,0.0,1.0702073974384148,0.0,0.0,2.0,2.0,0.9497841398514838,0.0,1.0513838995294973,0.0,0.0,0.0,0.0,0.0,2.0,ioc_activity,1,0,1,0.08103213680806343
1.0,0.0,1.0,0.0,0.0,0.1667,0.0,1.0,0.0,1.0,1.0,0.0,0.0,0.0,0.0,0.0,normal,0,0,1,0.21410149882703605
0.0,1.0,0.0,1.0,1.0,0.0,0.1667,0.0,1.0,0.0,0.0,1.0,0.0,0.0,0.0,0.0,normal,0,0,1,0.15987188381920298
5.0,0.0,1.0,0.0,0.0,0.8333,0.0,0.2,0.0,5.0,0.0,0.0,0.0,0.0,0.0,0.0,normal,0,0,1,0.1213267886169122
2.6688086464277436,0.0,0.9097444853505456,0.0,0.0,2.0,2.0,1.0590646925055502,0.0,1.0184353889763562,0.9308889286970772,0.0,0.0,0.0,0.0,2.0,ioc_activity,1,0,1,0.0564888559686878
3.118034967164732,0.0,5.0,0.0,0.0,2.0,0.0,0.9389256423209844,0.0,6.0,0.0,0.0,0.0,0.0,0.0,0.0,collection,1,0,1,0.04312144691303155
0.0,2.0,0.0,1.0,1.0,0.0,0.3333,0.0,0.5,0.0,0.0,0.5,0.0,0.0,0.0,0.0,normal,0,0,1,0.09157729748884369
3.1031125131684405,0.0,2.9225473929250017,7.0,3.0,0.5005762314742741,0.0,0.9919418928907184,0.9,3.1471223056686064,0.6175182302590893,0.9,0.0,0.0,0.0,0.0,discovery,1,1,-1,-0.019520430640939335
2.0,1.0,1.0,1.0,1.0,0.3333,0.1667,0.5,1.0,2.0,0.5,1.0,0.0,0.0,0.0,0.0,normal,0,0,1,0.08519002088380434
4.0,0.0,3.0,0.0,0.0,0.6667,0.0,0.75,0.0,4.0,0.5,0.0,0.0,0.0,0.0,0.0,normal,0,0,1,0.16392383378077352
1.0,0.0,1.0,0.0,0.0,0.1667,0.0,1.0,0.0,1.0,1.0,0.0,0.0,0.0,0.0,0.0,normal,0,0,1,0.21410149882703605
1.0,0.0,1.0,0.0,0.0,0.1667,0.0,1.0,0.0,1.0,0.0,0.0,0.0,0.0,0.0,0.0,normal,0,0,1,0.2703048930477036
3.2569431888672993,0.0,6.0,6.0,2.0,2.5,2.5,1.0402541614218717,0.0,1.018042654868925,0.8,0.8,0.0,0.0,0.0,0.0,lateral_movement,1,1,-1,-0.06914587000003314
2.0,0.0,1.0,0.0,0.0,0.3333,0.0,0.5,0.0,2.0,0.0,0.0,0.0,0.0,0.0,0.0,normal,0,0,1,0.18355525339834783
20.0,21.0,7.0,6.0,3.0,3.3333,3.5,0.35,0.2857,0.9524,0.3,0.2857,0.0,0.0,0.0,0.0,normal,0,1,-1,-0.12657696564287446
5.0,0.0,3.0,0.0,0.0,0.8333,0.0,0.6,0.0,5.0,0.4,0.0,0.0,0.0,0.0,0.0,normal,0,0,1,0.13414667629627092
3.0681632610281544,0.0,6.0,6.0,2.0,2.5,2.5,1.0097775178013135,0.0,1.0220814638866946,0.8,0.8,0.0,0.0,0.0,0.0,lateral_movement,1,1,-1,-0.07013133190716203
1.0672490353685202,0.0,1.0191427549371457,5.0,2.0,0.1584871746487713,2.5,1.0107081680179224,0.7,1.0355241527199588,0.0,0.8,0.0,0.0,0.0,0.0,network_burst,1,1,-1,-0.0034353623253670085
12.0,22.0,3.0,7.0,3.0,2.0,3.6667,0.25,0.3182,0.5455,0.25,0.2273,0.0,0.0,0.0,0.0,normal,0,1,-1,-0.11142571157840653
0.9493450106958944,0.0,1.035594370509009,7.0,3.0,0.1765430435011475,0.0,1.0443672664467227,0.9,1.0968370529896,0.0,0.9,0.0,0.0,0.0,0.0,discovery,1,1,-1,-0.0019344765087847549
1.0,0.0,1.0,0.0,0.0,0.1667,0.0,1.0,0.0,1.0,1.0,0.0,0.0,0.0,0.0,0.0,normal,0,0,1,0.21410149882703605
16.29213354361694,0.0,6.0,6.0,2.0,2.5,2.5,0.1886717658292578,0.0,4.901306335382197,0.8,0.8,0.0,0.0,0.0,0.0,lateral_movement,1,1,-1,-0.09876304341230313
9.269689360613905,0.0,6.0,6.0,2.0,2.5,2.5,0.9490712529867252,0.0,3.052693157741418,0.8,0.8,0.0,0.0,0.0,0.0,lateral_movement,1,1,-1,-0.08350833911509636
2.9689296525426996,0.0,5.0,0.0,0.0,2.0,0.0,0.98519419296257,0.0,6.0,0.983548657272568,0.0,0.0,0.0,0.0,0.0,collection,1,0,1,0.046278321994344895
2.581024802315781,0.0,1.0879744178455182,0.0,0.0,2.0,2.0,0.99826070653998,0.0,0.915651801536714,0.0,0.0,0.0,0.0,0.0,2.0,ioc_activity,1,0,1,0.07954305410362339
5.0,0.0,3.0,0.0,0.0,0.8333,0.0,0.6,0.0,5.0,0.4,0.0,0.0,0.0,0.0,0.0,normal,0,0,1,0.13414667629627092
1.0,1.0,1.0,1.0,1.0,0.1667,0.1667,1.0,1.0,1.0,1.0,0.0,0.0,0.0,0.0,0.0,normal,0,0,1,0.0838620981224063
3.1326243328000354,0.0,5.0,0.0,0.0,2.0,0.0,1.0325848903073842,0.0,6.0,0.0,0.0,0.0,0.0,0.0,0.0,collection,1,0,1,0.038883961127161415
12.206823108650331,3.8579706548654222,5.0,3.274182950778468,1.0175043561057748,2.0,0.6583166531469214,0.7,0.8246501088507955,6.0,0.0,0.7559156637996585,0.0,0.0,0.0,0.0,collection,1,1,-1,-0.03483013632848497
1.0629276886235766,0.0,1.057517967245868,5.0,2.0,0.1534271512048669,2.5,1.0910698856375622,0.7,0.9865944985735536,0.0,0.8,0.0,0.0,0.0,0.0,network_burst,1,1,-1,-0.0036998908231838934
4.162426772559114,0.0,3.2890835685255215,0.0,0.0,2.5,0.0,1.0441391893436704,0.0,1.0564010341476355,1.0733602876523851,0.0,0.0,0.0,0.0,0.0,process_burst,1,0,1,0.07161281650300577
1.0,0.0,1.0,0.0,0.0,0.1667,0.0,1.0,0.0,1.0,1.0,0.0,0.0,0.0,0.0,0.0,normal,0,0,1,0.21410149882703605
12.0,0.0,4.0,0.0,0.0,2.0,0.0,0.3333,0.0,12.0,0.25,0.0,0.0,0.0,0.0,0.0,normal,0,0,1,0.05415715026407519
5.0,0.0,5.0,0.0,0.0,0.8333,0.0,1.0,0.0,5.0,0.8,0.0,0.0,0.0,0.0,0.0,normal,0,0,1,0.0812683424785533
54.68860311028619,0.0,11.837023295460249,0.0,0.0,2.5,0.0,0.8,0.0,12.98437613003575,0.8,0.0,0.0,0.0,0.0,0.0,process_burst,1,1,-1,-0.07010374337313596
1.0,0.0,1.0,0.0,0.0,0.1667,0.0,1.0,0.0,1.0,0.0,0.0,0.0,0.0,0.0,0.0,normal,0,0,1,0.2703048930477036
0.0,2.746646800155025,0.0,7.0,3.0,0.0,0.180362619401926,0.0,1.013766761076864,0.0,0.0,0.9,0.0,0.0,0.0,0.0,discovery,1,1,-1,-0.022395806937356988
6.54492993488401,0.0,6.0,6.0,2.0,2.5,2.5,0.9599849811655792,0.0,2.02248738108967,0.8,0.8,0.0,0.0,0.0,0.0,lateral_movement,1,1,-1,-0.07647769555679151
1.0,0.0,1.0,0.0,0.0,0.1667,0.0,1.0,0.0,1.0,0.0,0.0,0.0,0.0,0.0,0.0,normal,0,0,1,0.2703048930477036
1.0,0.0,1.0,0.0,0.0,0.1667,0.0,1.0,0.0,1.0,0.0,0.0,0.0,0.0,0.0,0.0,normal,0,0,1,0.2703048930477036
3.0,0.0,3.0,0.0,0.0,0.5,0.0,1.0,0.0,3.0,0.6667,0.0,0.0,0.0,0.0,0.0,normal,0,0,1,0.13811700803482085
6.0,0.0,6.0,0.0,0.0,1.0,0.0,1.0,0.0,6.0,0.8333,0.0,0.0,0.0,0.0,0.0,normal,0,0,1,0.04267718026156031
6.0,0.0,4.0,0.0,0.0,1.0,0.0,0.6667,0.0,6.0,0.5,0.0,0.0,0.0,0.0,0.0,normal,0,0,1,0.12277911063745084
2.753838766644751,0.0,5.0,0.0,0.0,2.0,0.0,1.006364771155587,0.0,6.0,0.0,0.0,0.0,0.0,0.0,0.0,collection,1,0,1,0.03931419620663934
1.0,0.0,1.0,0.0,0.0,0.1667,0.0,1.0,0.0,1.0,0.0,0.0,0.0,0.0,0.0,0.0,normal,0,0,1,0.2703048930477036
6.0,0.0,1.0,0.0,0.0,1.0,0.0,0.1667,0.0,6.0,0.0,0.0,0.0,0.0,0.0,0.0,normal,0,0,1,0.07668119907057147
2.0,0.0,2.0,0.0,0.0,0.3333,0.0,1.0,0.0,2.0,1.0,0.0,0.0,0.0,0.0,0.0,normal,0,0,1,0.15801660342457774
0.9640982323356032,0.0,0.9799352270327274,5.0,2.0,0.1633680486141327,2.5,1.0220454888866493,0.7,1.0871874998871454,1.070796875229446,0.8,0.0,0.0,0.0,0.0,network_burst,1,1,-1,-0.016700626101415095
12.0,0.0,4.0,0.0,0.0,2.0,0.0,0.3333,0.0,12.0,0.25,0.0,0.0,0.0,0.0,0.0,normal,0,0,1,0.05415715026407519
22.23966850859023,5.205240058791838,2.135329436518363,1.0125964484132757,1.0399962043644524,2.0,2.0,0.2331381752166105,0.4708645332555998,4.4985370923196175,0.113061327283325,0.4502477930857023,0.0,0.0,0.0,2.0,ioc_activity,1,1,-1,-0.04414904031971345
0.0,5.016087801257113,0.0,5.0,2.0,0.0,2.5,0.0,0.9414041083049624,0.0,0.0,0.9833219266138296,0.0,0.0,0.0,0.0,network_burst,1,1,-1,-0.04234059768779319
1.0,0.0,1.0,0.0,0.0,0.1667,0.0,1.0,0.0,1.0,1.0,0.0,0.0,0.0,0.0,0.0,normal,0,0,1,0.21410149882703605
0.0,0.9739143212713516,5.0,0.9138279890014523,0.9340638176223658,2.0,0.1742975489392307,0.7,1.0447490580383676,6.0,0.0,1.0671060396222185,0.0,0.0,0.0,0.0,collection,1,0,1,0.008594459638646579
3.0,1.0,3.0,1.0,1.0,0.5,0.1667,1.0,1.0,3.0,0.6667,1.0,0.0,0.0,0.0,0.0,normal,0,0,1,0.08012356594385162
0.9991210156402288,0.0,0.9696551766922912,7.0,3.0,0.1632471840870628,0.0,0.910176146909003,0.9,0.9515225232364072,0.0,0.9,0.0,0.0,0.0,0.0,discovery,1,1,-1,-0.001508039602833522
2.0,0.0,1.0,0.0,0.0,0.3333,0.0,0.5,0.0,2.0,0.0,0.0,0.0,0.0,0.0,0.0,normal,0,0,1,0.18355525339834783
1.0,0.0,1.0,0.0,0.0,0.1667,0.0,1.0,0.0,1.0,0.0,0.0,0.0,0.0,0.0,0.0,normal,0,0,1,0.2703048930477036
7.0,0.0,5.0,0.0,0.0,1.1667,0.0,0.7143,0.0,7.0,0.5714,0.0,0.0,0.0,0.0,0.0,normal,0,0,1,0.0763037038525115
1.0,4.0,1.0,3.0,1.0,0.1667,0.6667,1.0,0.75,0.25,0.0,0.75,0.0,0.0,0.0,0.0,normal,0,0,1,0.052150286480523556
4.229539502001711,0.0,3.123099227175801,0.0,0.0,2.5,0.0,0.9229060147071948,0.0,0.9942192412286266,0.8,0.0,0.0,0.0,0.0,0.0,process_burst,1,0,1,0.0814779911071346
3.0,0.0,2.0,0.0,0.0,0.5,0.0,0.6667,0.0,3.0,0.0,0.0,0.0,0.0,0.0,0.0,normal,0,0,1,0.13335555031015678
1.0,2.0,1.0,1.0,1.0,0.1667,0.3333,1.0,0.5,0.5,0.0,0.5,0.0,0.0,0.0,0.0,normal,0,0,1,0.10733579004144633
1.0,0.0,1.0,0.0,0.0,0.1667,0.0,1.0,0.0,1.0,0.0,0.0,0.0,0.0,0.0,0.0,normal,0,0,1,0.2703048930477036
2.842021196715962,0.0,5.0,0.0,0.0,2.0,0.0,0.9193869083578629,0.0,6.0,0.0,0.0,0.0,0.0,0.0,0.0,collection,1,0,1,0.04526655787176648
1.0,0.0,1.0,0.0,0.0,0.1667,0.0,1.0,0.0,1.0,0.0,0.0,0.0,0.0,0.0,0.0,normal,0,0,1,0.2703048930477036
0.0,25.473702110364904,6.0,6.0,2.059438716588173,2.5,2.5,0.0,0.6595770817191244,0.0,0.8,0.8,0.0,0.0,0.0,0.0,lateral_movement,1,1,-1,-0.10891348606322826
1.0,0.0,1.0,0.0,0.0,0.1667,0.0,1.0,0.0,1.0,0.0,0.0,0.0,0.0,0.0,0.0,normal,0,0,1,0.2703048930477036
34.87530706154365,0.0,3.916730143232562,0.0,0.0,2.186135313598991,2.0,0.3034231121641429,0.0,13.953789362276076,0.2236914000317067,0.0,0.0,0.0,0.0,2.0,ioc_activity,1,1,-1,-0.06547297429703802
1.0,0.0,1.0,0.0,0.0,0.1667,0.0,1.0,0.0,1.0,0.0,0.0,0.0,0.0,0.0,0.0,normal,0,0,1,0.2703048930477036
1.0,0.0,1.0,0.0,0.0,0.1667,0.0,1.0,0.0,1.0,0.0,0.0,0.0,0.0,0.0,0.0,normal,0,0,1,0.2703048930477036
17.61061575567619,0.0,5.0,0.0,0.0,2.0,0.0,0.7,0.0,6.0,0.4861298898852683,0.0,0.0,0.0,0.0,0.0,collection,1,0,1,0.026131551425326194
0.9282054599900028,0.0,1.0805785375260568,7.0,3.0,0.1556689511441444,0.0,0.918000278209018,0.9,0.9142609068369691,1.0979646138409749,0.9,0.0,0.0,0.0,0.0,discovery,1,1,-1,-0.01538541826318307
14.779131447094532,0.0,9.246732991184174,0.0,0.0,2.5,0.0,0.8,0.0,3.836287220275272,0.8,0.0,0.0,0.0,0.0,0.0,process_burst,1,1,-1,-0.019475436289921655
1.0,0.0,1.0,0.0,0.0,0.1667,0.0,1.0,0.0,1.0,0.0,0.0,0.0,0.0,0.0,0.0,normal,0,0,1,0.2703048930477036
1.0108833104079868,0.0,0.9506369212253204,5.0,2.0,0.1805977259103573,2.5,1.0216258423829183,0.7,0.9800902490490556,1.0063772182692137,0.8,0.0,0.0,0.0,0.0,network_burst,1,1,-1,-0.014771388877311886
1.0,0.0,1.0,0.0,0.0,0.1667,0.0,1.0,0.0,1.0,0.0,0.0,0.0,0.0,0.0,0.0,normal,0,0,1,0.2703048930477036
1.0,0.0,1.0,0.0,0.0,0.1667,0.0,1.0,0.0,1.0,0.0,0.0,0.0,0.0,0.0,0.0,normal,0,0,1,0.2703048930477036
2.0,0.0,2.0,0.0,0.0,0.3333,0.0,1.0,0.0,2.0,0.0,0.0,0.0,0.0,0.0,0.0,normal,0,0,1,0.15067885644622536
0.0,1.0,0.0,1.0,1.0,0.0,0.1667,0.0,1.0,0.0,0.0,1.0,0.0,0.0,0.0,0.0,normal,0,0,1,0.15987188381920298
1.0,0.0,1.0,0.0,0.0,0.1667,0.0,1.0,0.0,1.0,0.0,0.0,0.0,0.0,0.0,0.0,normal,0,0,1,0.2703048930477036
1.0,0.0,1.0,0.0,0.0,0.1667,0.0,1.0,0.0,1.0,0.0,0.0,0.0,0.0,0.0,0.0,normal,0,0,1,0.2703048930477036
4.0,3.0,2.0,3.0,1.0,0.6667,0.5,0.5,1.0,1.3333,0.25,1.0,0.0,0.0,0.0,0.0,normal,0,0,1,0.037160512022233916
1.0,0.0,1.0,0.0,0.0,0.1667,0.0,1.0,0.0,1.0,0.0,0.0,0.0,0.0,0.0,0.0,normal,0,0,1,0.2703048930477036
2.0,1.0,2.0,1.0,1.0,0.3333,0.1667,1.0,1.0,2.0,0.5,1.0,0.0,0.0,0.0,0.0,normal,0,0,1,0.08898050902907462
8.169625313120019,0.0,3.061864294403235,0.0,0.0,2.5,0.0,0.8,0.0,1.8991358251805432,0.8,0.0,0.0,0.0,0.0,0.0,process_burst,1,0,1,0.04434480560386622
1.045674993149282,0.0,1.0753356277503408,7.0,3.0,0.1773856681682458,0.0,0.9575709752096307,0.9,0.947667705872412,1.0005749873960708,0.9,0.0,0.0,0.0,0.0,discovery,1,1,-1,-0.012708014352795782
0.0,5.3457969578021425,0.0,5.0,2.0,0.0,2.5,0.0,1.0168455720122438,0.0,0.0,0.9742505274176556,0.0,0.0,0.0,0.0,network_burst,1,1,-1,-0.043909522809384316
4.005834161265635,0.0,0.900801520946668,5.0,2.0,0.6779857421434495,2.5,0.2698651099877047,0.7,4.028960330489101,0.0,0.8,0.0,0.0,0.0,0.0,network_burst,1,1,-1,-0.017912311241172096
1.8741501091209944,0.0,1.915771883003226,7.0,3.0,0.3534793555485224,0.0,0.9548268787377218,0.9,1.8540152384224944,0.0,0.9,0.0,0.0,0.0,0.0,discovery,1,1,-1,-0.020559851686689834
4.139800285104179,0.0,1.8296282210954824,7.0,3.0,0.6115921092289842,0.0,0.4940962631798037,0.9,3.78964966158773,0.5329749910124912,0.9,0.0,0.0,0.0,0.0,discovery,1,1,-1,-0.017278023167897505
2.8408220934311377,0.0,5.0,0.0,0.0,2.0,0.0,0.9300259113498516,0.0,6.0,0.0,0.0,0.0,0.0,0.0,0.0,collection,1,0,1,0.043990613896226494
0.0,1.034040651070271,0.0,0.9116216963442896,0.9733216769865224,2.5,0.1613141391531328,0.8,0.9965145017174588,0.0,0.8,1.0009582965806996,0.0,0.0,0.0,0.0,process_burst,1,0,1,0.03256781931812214
1.0,0.0,1.0,0.0,0.0,0.1667,0.0,1.0,0.0,1.0,0.0,0.0,0.0,0.0,0.0,0.0,normal,0,0,1,0.2703048930477036
1.095844926741456,0.0,1.0438625067381648,5.0,2.0,0.1606698771699128,2.5,1.01619787474961,0.7,1.0203549511735417,0.0,0.8,0.0,0.0,0.0,0.0,network_burst,1,1,-1,-0.0034353623253670085
4.0,0.0,2.0,0.0,0.0,0.6667,0.0,0.5,0.0,4.0,0.5,0.0,0.0,0.0,0.0,0.0,normal,0,0,1,0.1380393688515933
5.601525576718637,0.0,6.0,6.0,2.0,2.5,2.5,0.9597518141245264,0.0,1.9336375438639817,0.8,0.8,0.0,0.0,0.0,0.0,lateral_movement,1,1,-1,-0.07571930854609188
4.0,3.0,2.0,2.0,1.0,0.6667,0.5,0.5,0.6667,1.3333,0.25,0.0,0.0,0.0,0.0,0.0,normal,0,0,1,0.058978233003343705
1.0,0.0,1.0,0.0,0.0,0.1667,0.0,1.0,0.0,1.0,0.0,0.0,0.0,0.0,0.0,0.0,normal,0,0,1,0.2703048930477036
3.221810577424179,8.317485687326144,6.0,6.0,2.0,2.5,2.5,0.9631528955692182,0.4572454973595872,0.5444805171944039,0.8,0.8,0.0,0.0,0.0,0.0,lateral_movement,1,1,-1,-0.07766826280800998
28.682627530901375,0.0,13.513500374818978,0.0,0.0,2.5,0.0,0.8,0.0,6.632721708704836,0.8,0.0,0.0,0.0,0.0,0.0,process_burst,1,1,-1,-0.050410788726041655
0.9902093000370512,0.0,0.9923635822899496,5.0,2.0,0.1607226563267805,2.5,0.9757185575119462,0.7,0.9332125264827946,0.0,0.8,0.0,0.0,0.0,0.0,network_burst,1,1,-1,-0.003596985750077053
2.954193072330363,0.0,5.0,0.0,0.0,2.0,0.0,0.9896504709107488,0.0,6.0,0.0,0.0,0.0,0.0,0.0,0.0,collection,1,0,1,0.03888287644153543
2.9024938238306635,0.0,6.0,6.0,2.0,2.5,2.5,1.0561837982061562,0.0,0.963255075436995,0.9410519700930404,0.8,0.0,0.0,0.0,0.0,lateral_movement,1,1,-1,-0.07071299395915787
0.0,2.8704307863159095,0.0,7.0,3.0,0.0,0.1600760207244716,0.0,0.9673713087666538,0.0,0.0,1.0659190818171411,0.0,0.0,0.0,0.0,discovery,1,1,-1,-0.02377284895168741
35.67160303793076,43.770090530150945,5.41890972281009,3.153222924735185,1.0218858736993934,2.024638435400359,2.689821044968787,0.4050127621025716,0.1882821434514588,0.8723388583659195,0.3545747317658254,0.1220235087012158,0.0,0.0,0.0,2.0,ioc_activity,1,1,-1,-0.1126839877869279
0.9667099852956712,0.0,0.9254451923783656,7.0,3.0,0.1649090531682719,0.0,1.0518682200044775,0.9,0.9042312022846588,0.0,0.9,0.0,0.0,0.0,0.0,discovery,1,1,-1,-0.002870155002272612
1.02752179604581,0.0,1.0962774202506005,7.0,3.0,0.165885209515586,0.0,1.0644427092187614,0.9,1.056351409514789,0.0,0.9,0.0,0.0,0.0,0.0,discovery,1,1,-1,-0.0018946090598964682
1.0,0.0,1.0,0.0,0.0,0.1667,0.0,1.0,0.0,1.0,0.0,0.0,0.0,0.0,0.0,0.0,normal,0,0,1,0.2703048930477036
1.0,0.0,1.0,0.0,0.0,0.1667,0.0,1.0,0.0,1.0,1.0,0.0,0.0,0.0,0.0,0.0,normal,0,0,1,0.21410149882703605
0.9489593003100292,0.0,1.088003802161503,5.0,2.0,0.1672888351197329,2.5,1.0059491332364996,0.7,0.986912616939538,0.0,0.8,0.0,0.0,0.0,0.0,network_burst,1,1,-1,-0.0037298296108385642
2.088762711805071,0.0,1.0873339383730254,7.0,3.0,0.3331431958396761,0.0,0.5008192914778246,0.9,2.1979259571318437,0.0,0.9,0.0,0.0,0.0,0.0,discovery,1,1,-1,-0.009421001446348831
1.065357976384749,0.0,1.0194789058147682,5.0,2.0,0.1815536331666703,2.5,1.084780080109086,0.7,0.9009237597686656,0.9077083998646872,0.8,0.0,0.0,0.0,0.0,network_burst,1,1,-1,-0.012044777929359984
19.18501894151722,19.38340211104316,5.290673591644611,6.45397767707263,2.8932204489186315,2.0,2.0,0.5691668302134285,0.7856785772040612,0.9342006966472302,0.4925712523746917,0.7480568240068736,0.0,0.0,0.0,2.0,ioc_activity,1,1,-1,-0.0993408083125884
11.385885780205385,34.26811386235839,6.0,6.250634494128975,3.299634021908717,2.5,2.5,0.7761216451339703,0.6839986251878023,0.5089789983855859,0.8,0.8,0.0,0.0,0.0,0.0,lateral_movement,1,1,-1,-0.10774995268352483
3.7039372042683776,0.0,2.83614560943053,0.0,0.0,2.5,0.0,0.9624733282764084,0.0,1.0609528714993604,0.9774956758060348,0.0,0.0,0.0,0.0,0.0,process_burst,1,0,1,0.07822387759098315
2.6055346769888263,0.0,1.0809012700838896,0.0,0.0,2.0,2.0,0.9965815664742144,0.0,0.9613548167154412,0.0,0.0,0.0,0.0,0.0,2.0,ioc_activity,1,0,1,0.07958055525277552
0.0,2.0,0.0,2.0,1.0,0.0,0.3333,0.0,1.0,0.0,0.0,0.0,0.0,0.0,0.0,0.0,normal,0,0,1,0.07159275543454269
1.0,0.0,1.0,0.0,0.0,0.1667,0.0,1.0,0.0,1.0,0.0,0.0,0.0,0.0,0.0,0.0,normal,0,0,1,0.2703048930477036
6.0,0.0,4.0,0.0,0.0,1.0,0.0,0.6667,0.0,6.0,0.5,0.0,0.0,0.0,0.0,0.0,normal,0,0,1,0.12277911063745084
3.6999389434445145,0.0,3.1471128769973067,0.0,0.0,2.5,0.0,0.9386082981737808,0.0,1.041980939456261,0.8,0.0,0.0,0.0,0.0,0.0,process_burst,1,0,1,0.08375015282765386
0.0,0.9709051936259736,0.0,1.0786242242644395,1.0556766994147524,2.5,0.1655904782642593,0.8,0.9308578984135096,0.0,0.8,1.093501946486842,0.0,0.0,0.0,0.0,process_burst,1,0,1,0.028167195802272782
0.0,1.0,0.0,1.0,1.0,0.0,0.1667,0.0,1.0,0.0,0.0,1.0,0.0,0.0,0.0,0.0,normal,0,0,1,0.15987188381920298
1.0,0.0,1.0,0.0,0.0,0.1667,0.0,1.0,0.0,1.0,0.0,0.0,0.0,0.0,0.0,0.0,normal,0,0,1,0.2703048930477036
1.0543698686458312,0.0,1.0670251582161467,7.0,3.0,0.1690727198509384,0.0,0.9077288619653768,0.9,1.003782928497417,1.0619881472889745,0.9,0.0,0.0,0.0,0.0,discovery,1,1,-1,-0.01484757898480249
1.0,0.0,1.0,0.0,0.0,0.1667,0.0,1.0,0.0,1.0,1.0,0.0,0.0,0.0,0.0,0.0,normal,0,0,1,0.21410149882703605
2.833042792582259,0.0,5.0,0.0,0.0,2.0,0.0,1.0728216707630691,0.0,6.0,0.9736464772496742,0.0,0.0,0.0,0.0,0.0,collection,1,0,1,0.046452018969624365
0.943740845230327,0.0,1.0872353863280393,7.0,3.0,0.1516675822426263,0.0,0.9126656957405116,0.9,1.0137139429407471,0.0,0.9,0.0,0.0,0.0,0.0,discovery,1,1,-1,-0.002858148753422607
1.0,0.0,1.0,0.0,0.0,0.1667,0.0,1.0,0.0,1.0,0.0,0.0,0.0,0.0,0.0,0.0,normal,0,0,1,0.2703048930477036
0.932574300110911,5.184562073393678,0.9678955508417806,5.0,2.0,0.1533281430001947,2.5,1.076207210383574,0.9556226713742976,0.9404176203290956,0.0,0.8,0.0,0.0,0.0,0.0,network_burst,1,1,-1,-0.028479508776439233
15.498156897807448,0.0,5.0,0.0,0.0,2.0,0.0,0.7,0.0,6.0,0.0,0.0,0.0,0.0,0.0,0.0,collection,1,0,1,0.015670104002311502
1.0,4.0,1.0,3.0,1.0,0.1667,0.6667,1.0,0.75,0.25,1.0,0.75,0.0,0.0,0.0,0.0,normal,0,0,1,0.035223320612571385
3.0165269246983097,0.0,5.0,0.0,0.0,2.0,0.0,0.9998560513948296,0.0,6.0,0.0,0.0,0.0,0.0,0.0,0.0,collection,1,0,1,0.03845696008009969
0.0,4.820397203597308,0.0,5.0,2.0,0.0,2.5,0.0,1.0776730906125682,0.0,0.0,0.9214805912577154,0.0,0.0,0.0,0.0,network_burst,1,1,-1,-0.04197158677268653
1.0,0.0,1.0,0.0,0.0,0.1667,0.0,1.0,0.0,1.0,0.0,0.0,0.0,0.0,0.0,0.0,normal,0,0,1,0.2703048930477036
2.8850757734986505,0.0,5.0,0.0,0.0,2.0,0.0,0.906835882185652,0.0,6.0,0.0,0.0,0.0,0.0,0.0,0.0,collection,1,0,1,0.04500907686905187
1.0,0.0,1.0,0.0,0.0,0.1667,0.0,1.0,0.0,1.0,0.0,0.0,0.0,0.0,0.0,0.0,normal,0,0,1,0.2703048930477036
2.269361300614498,0.0,0.9990982682537364,0.0,0.0,2.0,2.0,1.033392432712681,0.0,0.9692428910722184,1.0170295643282607,0.0,0.0,0.0,0.0,2.0,ioc_activity,1,0,1,0.061360743732328804
1.0,0.0,1.0,0.0,0.0,0.1667,0.0,1.0,0.0,1.0,0.0,0.0,0.0,0.0,0.0,0.0,normal,0,0,1,0.2703048930477036
2.093397961825132,0.0,0.9758105390074612,5.0,2.0,0.3487075242036753,2.5,0.5069933818641527,0.7,2.161589316351216,0.0,0.8,0.0,0.0,0.0,0.0,network_burst,1,1,-1,-0.007593804081614475
1.0,0.0,1.0,0.0,0.0,0.1667,0.0,1.0,0.0,1.0,0.0,0.0,0.0,0.0,0.0,0.0,normal,0,0,1,0.2703048930477036
4.31263399270282,0.0,3.01131501623187,0.0,0.0,2.5,0.0,0.9188933336123032,0.0,0.952492103184573,0.8,0.0,0.0,0.0,0.0,0.0,process_burst,1,0,1,0.0824748952235792
8.0,8.0,5.0,6.0,3.0,1.3333,1.3333,0.625,0.75,1.0,0.5,0.75,0.0,0.0,0.0,0.0,normal,0,1,-1,-0.04454610116643398
1.0,0.0,1.0,0.0,0.0,0.1667,0.0,1.0,0.0,1.0,0.0,0.0,0.0,0.0,0.0,0.0,normal,0,0,1,0.2703048930477036
2.0,0.0,1.0,0.0,0.0,0.3333,0.0,0.5,0.0,2.0,0.0,0.0,0.0,0.0,0.0,0.0,normal,0,0,1,0.18355525339834783
1.0,0.0,1.0,0.0,0.0,0.1667,0.0,1.0,0.0,1.0,0.0,0.0,0.0,0.0,0.0,0.0,normal,0,0,1,0.2703048930477036
1.0,0.0,1.0,0.0,0.0,0.1667,0.0,1.0,0.0,1.0,0.0,0.0,0.0,0.0,0.0,0.0,normal,0,0,1,0.2703048930477036
1.0,0.0,1.0,0.0,0.0,0.1667,0.0,1.0,0.0,1.0,0.0,0.0,0.0,0.0,0.0,0.0,normal,0,0,1,0.2703048930477036
1.0,0.0,1.0,0.0,0.0,0.1667,0.0,1.0,0.0,1.0,0.0,0.0,0.0,0.0,0.0,0.0,normal,0,0,1,0.2703048930477036
3.0578670596161643,0.0,5.0,0.0,0.0,2.0,0.0,0.959482391818716,0.0,6.0,0.0,0.0,0.0,0.0,0.0,0.0,collection,1,0,1,0.041445966422499425
10.14359336892122,0.0,3.723538470417714,7.0,3.0,1.8440766338672787,0.0,0.3825469067729159,0.9,10.285397249283209,0.2649380107234266,0.9,0.0,0.0,0.0,0.0,discovery,1,1,-1,-0.07060891890258103
3.0,3.0,3.0,2.0,2.0,0.5,0.5,1.0,0.6667,1.0,1.0,0.3333,0.0,0.0,0.0,0.0,normal,0,0,1,0.030337629103981967
1.0,0.0,1.0,0.0,0.0,0.1667,0.0,1.0,0.0,1.0,0.0,0.0,0.0,0.0,0.0,0.0,normal,0,0,1,0.2703048930477036
4.0,1.0,4.0,1.0,1.0,0.6667,0.1667,1.0,1.0,4.0,0.75,1.0,0.0,0.0,0.0,0.0,normal,0,0,1,0.04943640281613371
3.9511291682440377,0.0,3.195775154516615,0.0,0.0,2.5,0.0,1.0344480186079623,0.0,1.0318845269383805,0.8,0.0,0.0,0.0,0.0,0.0,process_burst,1,0,1,0.08011025458129584
12.822556725135534,2.9678336952862256,5.0,2.0603178358870946,0.92317977306385,2.0,0.4989265190830798,0.7,0.620389702446415,6.0,0.2273686253364745,0.0,0.0,0.0,0.0,0.0,collection,1,1,-1,-0.014850513515853647
2.7233876265223924,0.0,5.0,0.0,0.0,2.0,0.0,1.0873814576261909,0.0,6.0,0.0,0.0,0.0,0.0,0.0,0.0,collection,1,0,1,0.039631224561158085
4.0,0.0,4.0,0.0,0.0,0.6667,0.0,1.0,0.0,4.0,1.0,0.0,0.0,0.0,0.0,0.0,normal,0,0,1,0.1154193385654253
3.0,0.0,2.0,0.0,0.0,0.5,0.0,0.6667,0.0,3.0,0.3333,0.0,0.0,0.0,0.0,0.0,normal,0,0,1,0.15497151704205742
5.756242182608897,0.0,5.0,0.0,0.0,2.0,0.0,1.0253904680864538,0.0,6.0,0.5033905632722373,0.0,0.0,0.0,0.0,0.0,collection,1,0,1,0.053409624119239774
0.0,2.0,0.0,1.0,1.0,0.0,0.3333,0.0,0.5,0.0,0.0,0.5,0.0,0.0,0.0,0.0,normal,0,0,1,0.09157729748884369
0.9024939755882426,0.0,1.0040460134091989,5.0,2.0,0.1796911450986577,2.5,1.036516319641844,0.7,1.0923099259082063,0.0,0.8,0.0,0.0,0.0,0.0,network_burst,1,1,-1,-0.003810924184476705
11.674060842652931,6.740215972285968,5.58913397835,4.647783372542192,3.2616764780254464,2.5,1.1394738474468808,0.8,0.7218705893020293,0.465985919671793,0.8,0.7113527359308319,0.0,0.0,0.0,0.0,process_burst,1,1,-1,-0.07460408738515723
3.0427279148111985,0.0,5.0,0.0,0.0,2.0,0.0,0.9993129794294376,0.0,6.0,0.0,0.0,0.0,0.0,0.0,0.0,collection,1,0,1,0.038259989054231225
1.0,0.0,1.0,0.0,0.0,0.1667,0.0,1.0,0.0,1.0,1.0,0.0,0.0,0.0,0.0,0.0,normal,0,0,1,0.21410149882703605
4.397627726270059,0.0,2.8703450627184233,0.0,0.0,2.5,0.0,1.0300250031117597,0.0,1.0794066797793251,0.8,0.0,0.0,0.0,0.0,0.0,process_burst,1,0,1,0.07943141192663683
3.1264569210131583,0.0,6.0,6.0,2.0,2.5,2.5,1.0014468355121642,0.0,0.9514661374389968,0.8,0.8,0.0,0.0,0.0,0.0,lateral_movement,1,1,-1,-0.06975554304576193
1.0,0.0,1.0,0.0,0.0,0.1667,0.0,1.0,0.0,1.0,0.0,0.0,0.0,0.0,0.0,0.0,normal,0,0,1,0.2703048930477036
4.0,2.0,3.0,1.0,1.0,0.6667,0.3333,0.75,0.5,2.0,0.5,0.5,0.0,0.0,0.0,0.0,normal,0,0,1,0.07121186930746282
3.189026894044856,0.0,6.0,6.0,2.0,2.5,2.5,0.9915794739502772,0.0,1.0050566327145367,0.8,0.8,0.0,0.0,0.0,0.0,lateral_movement,1,1,-1,-0.06926290590430295
13.0,16.0,5.0,3.0,1.0,2.1667,2.6667,0.3846,0.1875,0.8125,0.3846,0.125,0.0,0.0,0.0,0.0,normal,0,1,-1,-0.0782553538145051
0.0,1.0,0.0,1.0,1.0,0.0,0.1667,0.0,1.0,0.0,0.0,1.0,0.0,0.0,0.0,0.0,normal,0,0,1,0.15987188381920298
1.0,0.0,1.0,0.0,0.0,0.1667,0.0,1.0,0.0,1.0,0.0,0.0,0.0,0.0,0.0,0.0,normal,0,0,1,0.2703048930477036
0.912412621308031,0.0,0.9258060114364084,5.0,2.0,0.1631301992349516,2.5,0.963831298921614,0.7,0.9922198860309815,0.0,0.8,0.0,0.0,0.0,0.0,network_burst,1,1,-1,-0.0066624769215838375
4.0,0.0,3.0,0.0,0.0,0.6667,0.0,0.75,0.0,4.0,0.5,0.0,0.0,0.0,0.0,0.0,normal,0,0,1,0.16392383378077352
0.0,1.0,0.0,1.0,1.0,0.0,0.1667,0.0,1.0,0.0,0.0,1.0,0.0,0.0,0.0,0.0,normal,0,0,1,0.15987188381920298
1.0,0.0,1.0,0.0,0.0,0.1667,0.0,1.0,0.0,1.0,0.0,0.0,0.0,0.0,0.0,0.0,normal,0,0,1,0.2703048930477036
1.0,0.0,1.0,0.0,0.0,0.1667,0.0,1.0,0.0,1.0,0.0,0.0,0.0,0.0,0.0,0.0,normal,0,0,1,0.2703048930477036
3.999053566825189,0.0,2.7629878295376424,0.0,0.0,2.5,0.0,0.967771127121921,0.0,0.9049646263597144,1.0854920917008055,0.0,0.0,0.0,0.0,0.0,process_burst,1,0,1,0.07661047329763493
1.0779798014144664,0.0,0.9803323268018752,7.0,3.0,0.1813297705092626,0.0,1.01140035637629,0.9,0.9339599947545416,0.0,0.9,0.0,0.0,0.0,0.0,discovery,1,0,1,0.0002871442170055971
0.0,7.0,0.0,5.0,2.0,0.0,1.1667,0.0,0.7143,0.0,0.0,0.7143,0.0,0.0,0.0,0.0,normal,0,1,-1,-0.034402645229904105
5.764005159218638,11.215257411223911,6.0,6.0,2.1308032058432,2.5,2.5,1.0423434239843594,1.0716868970146365,0.6245368345946135,0.9001649233669371,0.8,0.0,0.0,0.0,0.0,lateral_movement,1,1,-1,-0.09023668692174291
7.0,0.0,5.0,0.0,0.0,1.1667,0.0,0.7143,0.0,7.0,0.7143,0.0,0.0,0.0,0.0,0.0,normal,0,0,1,0.06858936738913524
9.458226531791336,1.0684910002905337,5.0,0.9072860391365768,1.011238059359558,2.0,0.1787139319986646,1.0296795370406724,0.9840444958064876,6.0,0.6452354102801496,1.040755538908045,0.0,0.0,0.0,0.0,collection,1,1,-1,-0.012845304723553164
2.0,0.0,2.0,0.0,0.0,0.3333,0.0,1.0,0.0,2.0,0.5,0.0,0.0,0.0,0.0,0.0,normal,0,0,1,0.18255447259169622
3.7187511919360463,0.0,2.94242063444446,0.0,0.0,2.5,0.0,0.9609409207521664,0.0,1.0221975094073257,0.8,0.0,0.0,0.0,0.0,0.0,process_burst,1,0,1,0.08469003543403542
1.08830777134762,0.0,1.0792244164847262,5.0,2.0,0.1782515943925057,2.5,0.982713586261994,0.7,0.949051794604642,0.0,0.8,0.0,0.0,0.0,0.0,network_burst,1,1,-1,-0.0022643432317807077
1.0,0.0,1.0,0.0,0.0,0.1667,0.0,1.0,0.0,1.0,0.0,0.0,0.0,0.0,0.0,0.0,normal,0,0,1,0.2703048930477036
2.872685408976821,4.1433162947511155,6.0,6.0,2.0,2.5,2.5,0.9439986878654524,1.062503268049593,1.0472708194294045,0.8,0.8,0.0,0.0,0.0,0.0,lateral_movement,1,1,-1,-0.07272804299085844
0.0,1.0,0.0,1.0,1.0,0.0,0.1667,0.0,1.0,0.0,0.0,1.0,0.0,0.0,0.0,0.0,normal,0,0,1,0.15987188381920298
1.0,0.0,1.0,0.0,0.0,0.1667,0.0,1.0,0.0,1.0,1.0,0.0,0.0,0.0,0.0,0.0,normal,0,0,1,0.21410149882703605
1.0,0.0,1.0,0.0,0.0,0.1667,0.0,1.0,0.0,1.0,0.0,0.0,0.0,0.0,0.0,0.0,normal,0,0,1,0.2703048930477036
1.0,0.0,1.0,0.0,0.0,0.1667,0.0,1.0,0.0,1.0,0.0,0.0,0.0,0.0,0.0,0.0,normal,0,0,1,0.2703048930477036
2.6529952911927692,2.2934002216753617,0.908879459382118,1.0995350894739646,1.073891424646938,2.0,2.0,0.9876632618828975,0.9573671109360304,0.9260049990035806,1.000241826707693,0.0,0.0,0.0,0.0,2.0,ioc_activity,1,1,-1,-0.008182495262662015
1.0,0.0,1.0,0.0,0.0,0.1667,0.0,1.0,0.0,1.0,0.0,0.0,0.0,0.0,0.0,0.0,normal,0,0,1,0.2703048930477036
6.349741785369147,0.0,3.664923200339119,7.0,3.0,0.9988629067069236,0.0,0.6757894346211906,0.9,6.403935649239232,0.4608657103262262,0.9,0.0,0.0,0.0,0.0,discovery,1,1,-1,-0.03578909480858472
2.284413707658123,0.0,1.0046847695689785,0.0,0.0,2.0,2.0,0.9503421283498864,0.0,0.920162275560356,1.0317692296946852,0.0,0.0,0.0,0.0,2.0,ioc_activity,1,0,1,0.0595108299050201
4.0,0.0,3.0,0.0,0.0,0.6667,0.0,0.75,0.0,4.0,0.5,0.0,0.0,0.0,0.0,0.0,normal,0,0,1,0.16392383378077352
1.030537346973851,0.0,1.0998843818448376,5.0,2.0,0.174296295587617,2.5,0.963665277525804,0.7,0.9849553849630912,0.0,0.8,0.0,0.0,0.0,0.0,network_burst,1,1,-1,-0.002942066572802604
1.0,0.0,1.0,0.0,0.0,0.1667,0.0,1.0,0.0,1.0,1.0,0.0,0.0,0.0,0.0,0.0,normal,0,0,1,0.21410149882703605
4.0,0.0,1.0,0.0,0.0,0.6667,0.0,0.25,0.0,4.0,0.0,0.0,0.0,0.0,0.0,0.0,normal,0,0,1,0.11151635691904105
2.0,0.0,1.0,0.0,0.0,0.3333,0.0,0.5,0.0,2.0,0.0,0.0,0.0,0.0,0.0,0.0,normal,0,0,1,0.18355525339834783
50.24667509443573,56.5228322613772,6.709273517953579,6.024924729551003,2.904083372213088,3.5478132277617376,3.260321059301935,0.3222457187817041,0.2858711487699966,0.985141147336611,0.317731512065446,0.2908211640950098,0.0,0.0,0.0,2.0,ioc_activity,1,1,-1,-0.1423652459868996
6.006184073830498,0.0,5.0,0.0,0.0,2.0,0.0,1.060540995225376,0.0,6.0,0.5459096063371112,0.0,0.0,0.0,0.0,0.0,collection,1,0,1,0.05129384547700544
1.0,0.0,1.0,0.0,0.0,0.1667,0.0,1.0,0.0,1.0,0.0,0.0,0.0,0.0,0.0,0.0,normal,0,0,1,0.2703048930477036
12.52585264934526,0.0,3.623867816079758,5.0,2.0,2.0217424648704863,2.5,0.320505934643968,0.7,12.524598244937946,0.2488032981405528,0.8,0.0,0.0,0.0,0.0,network_burst,1,1,-1,-0.06319259695007196
3.274616044809254,0.0,6.0,6.0,2.0,2.5,2.5,0.9672762176113414,0.0,0.9023618176358008,0.8,0.8,0.0,0.0,0.0,0.0,lateral_movement,1,1,-1,-0.06762623857483263
39.37750234107081,60.43933826783588,6.0,6.0,2.0,2.5,2.5,0.4216197902255625,0.1919122590063748,0.8304221171518759,0.8,0.8,0.0,0.0,0.0,0.0,lateral_movement,1,1,-1,-0.13171859675528452
1.8982798971979924,0.0,1.810872853399034,7.0,3.0,0.3423364531983189,0.0,1.006322583739088,0.9,1.9798128964494084,0.5140439212103641,0.9,0.0,0.0,0.0,0.0,discovery,1,1,-1,-0.005330446536289668
3.618169658507088,0.0,3.1334156103578703,0.0,0.0,2.5,0.0,1.0392640750155473,0.0,0.9762042452192964,0.8,0.0,0.0,0.0,0.0,0.0,process_burst,1,0,1,0.08200085541220015
2.0,0.0,2.0,0.0,0.0,0.3333,0.0,1.0,0.0,2.0,1.0,0.0,0.0,0.0,0.0,0.0,normal,0,0,1,0.15801660342457774
0.0,1.0,0.0,1.0,1.0,0.0,0.1667,0.0,1.0,0.0,0.0,0.0,0.0,0.0,0.0,0.0,normal,0,0,1,0.09143583567423996
1.072126080279226,0.0,1.0335698317695974,5.0,2.0,0.1546527409044222,2.5,1.0349473094698556,0.7,0.9405044815848372,0.0,0.8,0.0,0.0,0.0,0.0,network_burst,1,1,-1,-0.0025610477017089517
25.32992664954268,41.10984730317905,6.0,6.889476878193997,2.0,2.5,2.5,0.2319972047529184,0.7110637251478672,0.8984818381206598,0.8,0.8,0.0,0.0,0.0,0.0,lateral_movement,1,1,-1,-0.12668260788023789
4.2788483910189,0.0,3.182635096768247,0.0,0.0,2.5,0.0,0.9404809186251436,0.0,1.0721438136651789,0.8,0.0,0.0,0.0,0.0,0.0,process_burst,1,0,1,0.08002442409652932
5.024811187609204,2.7139291127314946,2.184090401809187,0.9255764768704632,0.9698008451110902,2.0,2.0,0.9649541257268962,0.9046582120009388,1.8614086723724796,0.5062329494417744,1.030618013260837,0.0,0.0,0.0,2.0,ioc_activity,1,1,-1,-0.010094758832665085
2.256232829918941,0.0,1.0415361820160154,0.0,0.0,2.0,2.0,1.0697544170120954,0.0,0.9446072255996592,0.0,0.0,0.0,0.0,0.0,2.0,ioc_activity,1,0,1,0.08458167710188624
0.992935927571466,0.0,0.9438378432957264,5.0,2.0,0.1539944710034522,2.5,0.935258273004426,0.7,1.06462152456138,0.9797013246948424,0.8,0.0,0.0,0.0,0.0,network_burst,1,1,-1,-0.017953627923102067
4.517860959175181,6.509954967248335,1.0903857580161818,7.0,3.0,0.9116637940844904,0.3603574419063931,0.2188284064478485,0.9,2.2890780699426942,0.0,0.9,0.0,0.0,0.0,0.0,discovery,1,1,-1,-0.04963230747151226
4.375852093364456,1.096915616286325,2.872936947292743,1.0467506994875833,1.0499967075870538,2.5,0.1541598182939731,0.908189392057144,1.055468625505836,0.9979399483633812,0.8,0.0,0.0,0.0,0.0,0.0,process_burst,1,0,1,0.023845601543205697
3.0,1.0,3.0,1.0,1.0,0.5,0.1667,1.0,1.0,3.0,1.0,0.0,0.0,0.0,0.0,0.0,normal,0,0,1,0.058845160127188656
1.0,0.0,1.0,0.0,0.0,0.1667,0.0,1.0,0.0,1.0,0.0,0.0,0.0,0.0,0.0,0.0,normal,0,0,1,0.2703048930477036
1.0,0.0,1.0,0.0,0.0,0.1667,0.0,1.0,0.0,1.0,1.0,0.0,0.0,0.0,0.0,0.0,normal,0,0,1,0.21410149882703605
2.0,0.0,1.0,0.0,0.0,0.3333,0.0,0.5,0.0,2.0,0.0,0.0,0.0,0.0,0.0,0.0,normal,0,0,1,0.18355525339834783
0.0,1.0,0.0,1.0,1.0,0.0,0.1667,0.0,1.0,0.0,0.0,1.0,0.0,0.0,0.0,0.0,normal,0,0,1,0.15987188381920298
0.9795050049109988,0.0,0.9256105221095574,5.0,2.0,0.153473471193429,2.5,1.0178662332254953,0.7,0.9817338754733426,0.0,0.8,0.0,0.0,0.0,0.0,network_burst,1,1,-1,-0.0070536454831610085
0.0,0.9346255692845008,0.0,0.936706645776064,1.0960054359108389,2.5,0.1761712588177025,0.8,1.0144826299917276,0.0,0.8,0.9602685265029436,0.0,0.0,0.0,0.0,process_burst,1,0,1,0.029988317979330548
1.0,0.0,1.0,0.0,0.0,0.1667,0.0,1.0,0.0,1.0,0.0,0.0,0.0,0.0,0.0,0.0,normal,0,0,1,0.2703048930477036
0.0,2.0,0.0,2.0,1.0,0.0,0.3333,0.0,1.0,0.0,0.0,0.0,0.0,0.0,0.0,0.0,normal,0,0,1,0.07159275543454269
3.091540351060249,0.0,5.0,0.0,0.0,2.0,0.0,1.0901329682938972,0.0,6.0,0.9913491196708,0.0,0.0,0.0,0.0,0.0,collection,1,0,1,0.04473905680143575
4.0,8.0,3.0,6.0,3.0,0.6667,1.3333,0.75,0.75,0.5,0.5,0.75,0.0,0.0,0.0,0.0,normal,0,1,-1,-0.021273205550185414
3.058667604378023,0.0,6.0,6.0,2.0,2.5,2.5,0.9363885910553504,0.0,0.9896916524537716,0.8,0.8,0.0,0.0,0.0,0.0,lateral_movement,1,1,-1,-0.07012620728870833
5.115135589988422,0.0,0.907782164154843,0.0,0.0,2.0,2.0,0.4923585348294786,0.0,1.8189536935270392,0.0,0.0,0.0,0.0,0.0,2.0,ioc_activity,1,0,1,0.05229193702673618
1.0,0.0,1.0,0.0,0.0,0.1667,0.0,1.0,0.0,1.0,0.0,0.0,0.0,0.0,0.0,0.0,normal,0,0,1,0.2703048930477036
1.0,1.0,1.0,1.0,1.0,0.1667,0.1667,1.0,1.0,1.0,0.0,1.0,0.0,0.0,0.0,0.0,normal,0,0,1,0.09560710632653191
0.0,1.0,0.0,1.0,1.0,0.0,0.1667,0.0,1.0,0.0,0.0,1.0,0.0,0.0,0.0,0.0,normal,0,0,1,0.15987188381920298
1.0,0.0,1.0,0.0,0.0,0.1667,0.0,1.0,0.0,1.0,0.0,0.0,0.0,0.0,0.0,0.0,normal,0,0,1,0.2703048930477036
34.66003226257432,10.48538513345017,5.417619412272085,7.4580427943289616,2.1426192094298235,2.5,1.5512353237728722,0.8,0.6467541578210851,0.8756854849940855,0.8,0.6594557367100365,0.0,0.0,0.0,0.0,process_burst,1,1,-1,-0.11479741923048015
3.239025230363625,0.0,5.0,0.0,0.0,2.0,0.0,1.0310918785440004,0.0,6.0,0.0,0.0,0.0,0.0,0.0,0.0,collection,1,0,1,0.03905939983887319
1.0,0.0,1.0,0.0,0.0,0.1667,0.0,1.0,0.0,1.0,1.0,0.0,0.0,0.0,0.0,0.0,normal,0,0,1,0.21410149882703605
4.104729606218124,0.0,2.0553870111058963,7.0,3.0,0.6596853495239599,0.0,0.4967652452450212,0.9,4.237257383842153,0.4760703781335945,0.9,0.0,0.0,0.0,0.0,discovery,1,1,-1,-0.01491395317735833
2.415012171624333,0.0,0.9960160150389086,0.0,0.0,2.0,2.0,1.0106397263075575,0.0,1.0038452208576594,0.0,0.0,0.0,0.0,0.0,2.0,ioc_activity,1,0,1,0.08552592636906609
9.0,10.0,2.0,7.0,2.0,1.5,1.6667,0.2222,0.7,0.9,0.1111,0.6,0.0,0.0,0.0,0.0,normal,0,1,-1,-0.058041461214316414
1.0057083457884906,0.0,0.9606404153269184,7.0,3.0,0.1828714568686738,0.0,1.0596896689656117,0.9,0.9641700148134376,1.009456568240975,0.9,0.0,0.0,0.0,0.0,discovery,1,1,-1,-0.009043218323934954
19.5513667806546,0.0,2.7064365869854057,0.0,0.0,2.5,0.0,0.8,0.0,5.055969428028448,0.8,0.0,0.0,0.0,0.0,0.0,process_burst,1,0,1,0.001462220762128763
20.219409877565933,0.0,3.197873845879448,0.0,0.0,2.5,0.0,0.8,0.0,5.436043570048964,0.8,0.0,0.0,0.0,0.0,0.0,process_burst,1,0,1,0.001959017165790833
1.0,0.0,1.0,0.0,0.0,0.1667,0.0,1.0,0.0,1.0,1.0,0.0,0.0,0.0,0.0,0.0,normal,0,0,1,0.21410149882703605
0.0,5.454137694851134,0.0,7.0,3.0,0.0,0.3556116129040336,0.0,1.006979630595174,0.0,0.0,0.9,0.0,0.0,0.0,0.0,discovery,1,1,-1,-0.04497059040138329
1.0,0.0,1.0,0.0,0.0,0.1667,0.0,1.0,0.0,1.0,0.0,0.0,0.0,0.0,0.0,0.0,normal,0,0,1,0.2703048930477036
27.63541508698965,2.0713242433606833,5.0,1.0033149009686024,1.0207889329957254,2.0,0.3027199271468874,0.7,0.5154995924201464,6.0,0.1003411479742084,0.5057583496826383,0.0,0.0,0.0,0.0,collection,1,1,-1,-0.033884465235370254
1.0484635898835954,0.0,1.030687841801899,5.0,2.0,0.1607818948546032,2.5,1.0748628730581615,0.7,1.012297878882877,0.0,0.8,0.0,0.0,0.0,0.0,network_burst,1,1,-1,-0.0034353623253670085
2.0,0.0,1.0,0.0,0.0,0.3333,0.0,0.5,0.0,2.0,0.0,0.0,0.0,0.0,0.0,0.0,normal,0,0,1,0.18355525339834783
0.9383842322822172,0.0,1.0623976403021091,7.0,3.0,0.1546994471923476,0.0,1.0628947752061868,0.9,0.9552414726913132,1.0929037772278405,0.9,0.0,0.0,0.0,0.0,discovery,1,1,-1,-0.012319628029594187
2.456871162492829,0.0,0.958061851341534,0.0,0.0,2.0,2.0,0.9565959081722626,0.0,1.028545062936012,0.0,0.0,0.0,0.0,0.0,2.0,ioc_activity,1,0,1,0.08624009277180722
5.0,2.0,1.0,1.0,1.0,0.8333,0.3333,0.2,0.5,2.5,0.0,0.5,0.0,0.0,0.0,0.0,normal,0,0,1,0.07362815305320103
0.9343920703874046,0.0,0.993991188057468,5.0,2.0,0.1520132863173925,2.5,1.0171542650309446,0.7,1.0359054018417917,0.0,0.8,0.0,0.0,0.0,0.0,network_burst,1,1,-1,-0.004760966502527442
2.3292650145597293,0.0,1.0758933711179754,0.0,0.0,2.0,2.0,1.0358901666591884,0.0,0.9839621122111571,0.0,0.0,0.0,0.0,0.0,2.0,ioc_activity,1,0,1,0.08319134027804331
1.072827365838545,0.0,0.9695801551513183,7.0,3.0,0.1646276377996324,0.0,0.9756619644746832,0.9,1.0080953384341511,0.0,0.9,0.0,0.0,0.0,0.0,discovery,1,1,-1,-0.00014822751004206491
16.3180249328667,2.149824816334986,8.453582398286233,0.962064734580019,1.0554809676482355,2.5,0.3333494074722481,0.8,0.4513936287708202,1.8918624119995424,0.8,0.5177658673612858,0.0,0.0,0.0,0.0,process_burst,1,1,-1,-0.041608007586355744
1.0,2.0,1.0,2.0,2.0,0.1667,0.3333,1.0,1.0,0.5,1.0,1.0,0.0,0.0,0.0,0.0,normal,0,0,1,0.02522215140987749
11.79217978653566,0.0,5.0,0.0,0.0,2.0,0.0,0.9284207851703286,0.0,6.0,1.0636454705254514,0.0,0.0,0.0,0.0,0.0,collection,1,0,1,0.015608871451897599
1.0,0.0,1.0,0.0,0.0,0.1667,0.0,1.0,0.0,1.0,0.0,0.0,0.0,0.0,0.0,0.0,normal,0,0,1,0.2703048930477036
1.0,0.0,1.0,0.0,0.0,0.1667,0.0,1.0,0.0,1.0,0.0,0.0,0.0,0.0,0.0,0.0,normal,0,0,1,0.2703048930477036
1.0,0.0,1.0,0.0,0.0,0.1667,0.0,1.0,0.0,1.0,1.0,0.0,0.0,0.0,0.0,0.0,normal,0,0,1,0.21410149882703605
2.4055319175522953,0.0,0.9266991670183704,0.0,0.0,2.0,2.0,1.0060690035221704,0.0,1.0336988580648705,0.0,0.0,0.0,0.0,0.0,2.0,ioc_activity,1,0,1,0.0850278788065747
1.0,1.0,1.0,1.0,1.0,0.1667,0.1667,1.0,1.0,1.0,0.0,0.0,0.0,0.0,0.0,0.0,normal,0,0,1,0.12228235820457856
5.0,0.0,1.0,0.0,0.0,0.8333,0.0,0.2,0.0,5.0,0.0,0.0,0.0,0.0,0.0,0.0,normal,0,0,1,0.1213267886169122
0.0,1.0,0.0,1.0,1.0,0.0,0.1667,0.0,1.0,0.0,0.0,1.0,0.0,0.0,0.0,0.0,normal,0,0,1,0.15987188381920298
1.0,0.0,1.0,0.0,0.0,0.1667,0.0,1.0,0.0,1.0,0.0,0.0,0.0,0.0,0.0,0.0,normal,0,0,1,0.2703048930477036
6.000251579176022,0.0,4.279784153120982,7.0,3.0,0.957378482712691,0.0,0.6350812634301853,0.9,6.592227027775012,0.5490278087092755,0.9,0.0,0.0,0.0,0.0,discovery,1,1,-1,-0.03811177146283018
3.624654267654352,0.0,2.828750803691718,0.0,0.0,2.5,0.0,0.9562767784043994,0.0,1.032383302945379,0.8,0.0,0.0,0.0,0.0,0.0,process_burst,1,0,1,0.08510923314605778
3.709926344030242,0.0,3.180530505651058,0.0,0.0,2.5,0.0,0.9506766707678376,0.0,0.9190098395128804,1.0232331400048242,0.0,0.0,0.0,0.0,0.0,process_burst,1,0,1,0.07632614992337461
5.0,0.0,1.0,0.0,0.0,0.8333,0.0,0.2,0.0,5.0,0.2,0.0,0.0,0.0,0.0,0.0,normal,0,0,1,0.09609023089534541
0.0,2.978205428808901,0.0,7.0,3.0,0.0,0.1706579507041758,0.0,0.992345439436902,0.0,0.0,0.9279247308358242,0.0,0.0,0.0,0.0,discovery,1,1,-1,-0.026465524426948828
2.0,0.0,2.0,0.0,0.0,0.3333,0.0,1.0,0.0,2.0,0.5,0.0,0.0,0.0,0.0,0.0,normal,0,0,1,0.18255447259169622
0.0,34.92651404555046,0.0,5.0,2.1122324550106337,0.0,2.5,0.0,0.7,0.0,0.0,0.8,0.0,0.0,0.0,0.0,network_burst,1,1,-1,-0.07974594052667827
15.651170899321636,0.0,3.913633969489485,0.0,0.0,2.0,2.0,0.6860173811111462,0.0,6.08053123858655,0.4996558817043616,0.0,0.0,0.0,0.0,2.0,ioc_activity,1,0,1,0.0001221482950387598
5.0,1.0,3.0,1.0,1.0,0.8333,0.1667,0.6,1.0,5.0,0.6,0.0,0.0,0.0,0.0,0.0,normal,0,0,1,0.0387362501195313
3.197452550001542,2.052514366922434,5.0,1.0278425319873004,1.0380991102435626,2.0,0.3638364513268489,1.017120752293116,0.5281465839402422,6.0,0.0,0.5009734659876445,0.0,0.0,0.0,0.0,collection,1,0,1,0.0025783279561574224
1.0356188121759655,0.0,0.9080507479879848,5.0,2.0,0.1750222847548884,2.5,1.0062827623194488,0.7,0.9604960562275856,0.0,0.8,0.0,0.0,0.0,0.0,network_burst,1,1,-1,-0.00642452547906136
6.186136669709718,0.0,6.0,6.0,2.0,2.5,2.5,1.04913500013206,0.0,2.1097671337795134,0.8,0.8,0.0,0.0,0.0,0.0,lateral_movement,1,1,-1,-0.07740709913433552
0.9001136258517889,0.0,1.0538485162596445,7.0,3.0,0.169033230005825,0.0,1.0882152569529395,0.9,1.0253278435394964,0.9652476724328114,0.9,0.0,0.0,0.0,0.0,discovery,1,1,-1,-0.011661671378810468
4.125015231461992,0.0,2.7032579004772206,0.0,0.0,2.5,0.0,1.0698817685846147,0.0,1.0601927707283354,0.8,0.0,0.0,0.0,0.0,0.0,process_burst,1,0,1,0.08148226012967874
1.0508543029875783,0.0,1.0052121053772043,5.0,2.0,0.163408173905965,2.5,1.0897290997425282,0.7,1.0612381930889452,0.0,0.8,0.0,0.0,0.0,0.0,network_burst,1,1,-1,-0.003631101233111833
1.0,0.0,1.0,0.0,0.0,0.1667,0.0,1.0,0.0,1.0,0.0,0.0,0.0,0.0,0.0,0.0,normal,0,0,1,0.2703048930477036
1.0,0.0,1.0,0.0,0.0,0.1667,0.0,1.0,0.0,1.0,0.0,0.0,0.0,0.0,0.0,0.0,normal,0,0,1,0.2703048930477036
1.0,0.0,1.0,0.0,0.0,0.1667,0.0,1.0,0.0,1.0,0.0,0.0,0.0,0.0,0.0,0.0,normal,0,0,1,0.2703048930477036
42.1012123946653,1.022621883798828,5.4169496801721895,1.0855336804908444,0.9529148555642524,2.269780104195096,0.1536390363787717,0.7,0.954781233721209,13.598429998493186,0.318591791780834,0.9385883472986964,0.0,0.0,0.0,0.0,collection,1,1,-1,-0.07870962844920637
2.0,0.0,1.0,0.0,0.0,0.3333,0.0,0.5,0.0,2.0,0.0,0.0,0.0,0.0,0.0,0.0,normal,0,0,1,0.18355525339834783
2.7195554659482086,0.0,5.0,0.0,0.0,2.0,0.0,0.9396235482824182,0.0,6.0,0.0,0.0,0.0,0.0,0.0,0.0,collection,1,0,1,0.0439440018331031
1.0,0.0,1.0,0.0,0.0,0.1667,0.0,1.0,0.0,1.0,1.0,0.0,0.0,0.0,0.0,0.0,normal,0,0,1,0.21410149882703605
2.3775087313517136,0.0,1.0591590009610623,0.0,0.0,2.0,2.0,1.002151297349703,0.0,1.043403894552578,0.0,0.0,0.0,0.0,0.0,2.0,ioc_activity,1,0,1,0.08288199250252115
0.9390991654793176,0.0,0.9958834149611784,7.0,3.0,0.1730480011635468,0.0,0.9823686880601948,0.9,1.0846693935451626,0.0,0.9,0.0,0.0,0.0,0.0,discovery,1,1,-1,-0.0003806062785591813
4.0,0.0,4.0,0.0,0.0,0.6667,0.0,1.0,0.0,4.0,1.0,0.0,0.0,0.0,0.0,0.0,normal,0,0,1,0.1154193385654253
1.0,0.0,1.0,0.0,0.0,0.1667,0.0,1.0,0.0,1.0,0.0,0.0,0.0,0.0,0.0,0.0,normal,0,0,1,0.2703048930477036
2.3389072320227715,0.0,0.9419521321226828,0.0,0.0,2.0,2.0,1.0918052768024886,0.0,1.0429833778529836,0.0,0.0,0.0,0.0,0.0,2.0,ioc_activity,1,0,1,0.0859385360181466
0.0,1.0,0.0,1.0,1.0,0.0,0.1667,0.0,1.0,0.0,0.0,1.0,0.0,0.0,0.0,0.0,normal,0,0,1,0.15987188381920298
1.0,0.0,1.0,0.0,0.0,0.1667,0.0,1.0,0.0,1.0,0.0,0.0,0.0,0.0,0.0,0.0,normal,0,0,1,0.2703048930477036
1.0,0.0,1.0,0.0,0.0,0.1667,0.0,1.0,0.0,1.0,0.0,0.0,0.0,0.0,0.0,0.0,normal,0,0,1,0.2703048930477036
2.0,0.0,2.0,0.0,0.0,0.3333,0.0,1.0,0.0,2.0,1.0,0.0,0.0,0.0,0.0,0.0,normal,0,0,1,0.15801660342457774
16.177477472440845,0.0,9.7644630009958,0.0,0.0,2.5,0.0,0.8,0.0,4.170606557049359,0.8,0.0,0.0,0.0,0.0,0.0,process_burst,1,1,-1,-0.02048551663389786
4.127988995389692,0.0,2.039770723431974,7.0,3.0,0.6400682567650845,0.0,0.4859666293666611,0.9,3.636770599472112,0.4852212493565124,0.9,0.0,0.0,0.0,0.0,discovery,1,1,-1,-0.013271616874838355
2.3175254023398875,0.0,1.078541215742118,0.0,0.0,2.0,2.0,0.9848672857846024,0.0,1.0830793874179263,0.0,0.0,0.0,0.0,0.0,2.0,ioc_activity,1,0,1,0.0818009119960027
1.0,0.0,1.0,0.0,0.0,0.1667,0.0,1.0,0.0,1.0,0.0,0.0,0.0,0.0,0.0,0.0,normal,0,0,1,0.2703048930477036
